CREATE DATABASE  IF NOT EXISTS `pollican` /*!40100 DEFAULT CHARACTER SET utf8 */;
USE `pollican`;
-- MySQL dump 10.13  Distrib 5.6.17, for Win32 (x86)
--
-- Host: www.pollican.com    Database: pollican
-- ------------------------------------------------------
-- Server version	5.6.21-log

/*!40101 SET @OLD_CHARACTER_SET_CLIENT=@@CHARACTER_SET_CLIENT */;
/*!40101 SET @OLD_CHARACTER_SET_RESULTS=@@CHARACTER_SET_RESULTS */;
/*!40101 SET @OLD_COLLATION_CONNECTION=@@COLLATION_CONNECTION */;
/*!40101 SET NAMES utf8 */;
/*!40103 SET @OLD_TIME_ZONE=@@TIME_ZONE */;
/*!40103 SET TIME_ZONE='+00:00' */;
/*!40014 SET @OLD_UNIQUE_CHECKS=@@UNIQUE_CHECKS, UNIQUE_CHECKS=0 */;
/*!40014 SET @OLD_FOREIGN_KEY_CHECKS=@@FOREIGN_KEY_CHECKS, FOREIGN_KEY_CHECKS=0 */;
/*!40101 SET @OLD_SQL_MODE=@@SQL_MODE, SQL_MODE='NO_AUTO_VALUE_ON_ZERO' */;
/*!40111 SET @OLD_SQL_NOTES=@@SQL_NOTES, SQL_NOTES=0 */;

--
-- Table structure for table `category_tbl`
--

DROP TABLE IF EXISTS `category_tbl`;
/*!40101 SET @saved_cs_client     = @@character_set_client */;
/*!40101 SET character_set_client = utf8 */;
CREATE TABLE `category_tbl` (
  `cid` int(11) NOT NULL AUTO_INCREMENT,
  `category_name` varchar(100) NOT NULL,
  `group_name` varchar(100) NOT NULL,
  PRIMARY KEY (`cid`)
) ENGINE=InnoDB AUTO_INCREMENT=88 DEFAULT CHARSET=latin1;
/*!40101 SET character_set_client = @saved_cs_client */;

--
-- Dumping data for table `category_tbl`
--

LOCK TABLES `category_tbl` WRITE;
/*!40000 ALTER TABLE `category_tbl` DISABLE KEYS */;
INSERT INTO `category_tbl` VALUES (1,'programming_languages','technology'),(2,'software','technology'),(3,'hardware','technology'),(4,'tech_companies','technology'),(5,'architecture','technology'),(6,'operating_systems','technology'),(7,'databases','technology'),(8,'mobile','technology'),(9,'frameworks_engines','technology'),(10,'opensource','technology'),(11,'research','technology'),(12,'networks','technology'),(13,'security','technology'),(14,'cloud','technology'),(15,'bigdata','technology'),(16,'engineering','technology'),(17,'graphics','technology'),(18,'reviews_ratings','technology'),(19,'blogs','writing_and_content'),(20,'books','writing_and_content'),(21,'articles','writing_and_content'),(22,'news','writing_and_content'),(23,'content_writing','writing_and_content'),(24,'presentation','writing_and_content'),(25,'publishing','writing_and_content'),(26,'accommodation','travel'),(27,'transport','travel'),(28,'places','travel'),(29,'online_shopping','shopping'),(30,'stores','shopping'),(31,'coupons_offers','shopping'),(32,'about','people_and_relations'),(33,'age_groups','people_and_relations'),(34,'living','people_and_relations'),(35,'ethnicity','language_and_culture'),(36,'values_traditions','language_and_culture'),(37,'languages','language_and_culture'),(38,'society','language_and_culture'),(39,'renting','home_and_living'),(40,'commodities','home_and_living'),(41,'appliances','home_and_living'),(42,'money','home_and_living'),(43,'standards','home_and_living'),(44,'hobbies','home_and_living'),(45,'habits','food'),(46,'restaurants_dining','food'),(47,'cooking','food'),(48,'drinks_beverages','food'),(49,'ratings_reviews','food'),(50,'brands','sports'),(51,'academy','sports'),(52,'sportsperson','sports'),(53,'outdoor','sports'),(54,'indoor','sports'),(55,'teams','sports'),(56,'rankings','sports'),(57,'institutions','jobs_and_education'),(58,'qualifications','jobs_and_education'),(59,'financial_information','jobs_and_education'),(60,'standards','jobs_and_education'),(61,'classifieds','jobs_and_education'),(62,'general_sciences','sciences'),(63,'research','sciences'),(64,'branding','sales_and_marketing'),(65,'online','sales_and_marketing'),(66,'media','sales_and_marketing'),(67,'agents','sales_and_marketing'),(68,'customers','sales_and_marketing'),(69,'advertisements','sales_and_marketing'),(70,'movie_music','entertainment_and_arts'),(71,'institutes','entertainment_and_arts'),(72,'general_information','entertainment_and_arts'),(73,'places','entertainment_and_arts'),(74,'interior','design_and_media'),(75,'types_of_media','design_and_media'),(76,'animation_graphics','design_and_media'),(77,'accounting_audit','business_and_finance'),(78,'models','business_and_finance'),(79,'e_business','business_and_finance'),(80,'funds_revenues','business_and_finance'),(81,'firms','business_and_finance'),(82,'legal','business_and_finance'),(83,'economy','business_and_finance'),(84,'banking','business_and_finance'),(85,'real_estate','business_and_finance'),(86,'General','Other'),(87,'Politics','Other');
/*!40000 ALTER TABLE `category_tbl` ENABLE KEYS */;
UNLOCK TABLES;

--
-- Table structure for table `login_tbl`
--

DROP TABLE IF EXISTS `login_tbl`;
/*!40101 SET @saved_cs_client     = @@character_set_client */;
/*!40101 SET character_set_client = utf8 */;
CREATE TABLE `login_tbl` (
  `uid` int(11) NOT NULL AUTO_INCREMENT,
  `fb` varchar(50) DEFAULT NULL,
  `twitter` varchar(50) DEFAULT NULL,
  `gmail` varchar(50) DEFAULT NULL,
  `email` varchar(50) NOT NULL,
  `followers` varchar(1000) DEFAULT '[]',
  `following` varchar(1000) DEFAULT '[]',
  `handle` varchar(45) NOT NULL,
  `hashed_password` varchar(1000) NOT NULL,
  PRIMARY KEY (`uid`)
) ENGINE=InnoDB AUTO_INCREMENT=55 DEFAULT CHARSET=latin1;
/*!40101 SET character_set_client = @saved_cs_client */;

--
-- Dumping data for table `login_tbl`
--

LOCK TABLES `login_tbl` WRITE;
/*!40000 ALTER TABLE `login_tbl` DISABLE KEYS */;
INSERT INTO `login_tbl` VALUES (1,'karina.mady',NULL,NULL,'madykarina@yahoo.com','[5]','[6.0, 5.0]','khaleesi','b95d30d49a2303e1c87b019c7aa63a17'),(3,'taha.kachwala',NULL,NULL,'taha.k@yellowkorp.com','[4.0, 5.0, 2.0, 31]','[4.0, 11]','taha','ac812175fbea1db0550899be0d571eec'),(4,'shardul94',NULL,NULL,'shardulhere@gmail.com','[5.0, 3]','[3]','shardul94','1adbb3178591fd5bb0c248518f39bf6d'),(5,'seo.gregory',NULL,NULL,'gregory28seo@gmail.com','[9.0, 1.0, 31.0, 31]','[4.0, 3.0, 6.0, 7.0, 31.0, 19.0, 1.0, 10.0, 27.0, 50.0, 48.0, 23.0, 28.0, 39.0, 43]','seo','aee6b8644063e0bbc82af86806fb2c6e'),(6,'tejas.kumthekar',NULL,NULL,'tejas.kumthekar@yahoo.com','[5.0, 1.0]','[19.0, 49]','tk26','2527d0a96a52f819bcafe2839b76711a'),(7,'soumyabhusan.sasmal',NULL,NULL,'bobbyjamesbond007@gmail.com','[31.0, 37.0, 5.0, 50]','[]','sbs','3b9ebb410d6812d4e96c86a57a91c3b3'),(8,'shraddha.eswaran',NULL,NULL,'shraddha29@hotmail.com','[]','[]','ShraddhaE','363625a7720a5e0f04914f2f22f692df'),(9,'shiny.gregory',NULL,NULL,'shiny.gregory@gmail.com','[]','[5]','shiny','7e0cf67459d9f97e64a2bceb374de215'),(10,'silky.shah.927',NULL,NULL,'shah.silky22@gmail.com','[5]','[]','gmail','01b3d192c2f4f3b90907b3cdd9ea79c8'),(11,'VishalAKokate',NULL,NULL,'contact.vishalkokate@gmail.com','[3]','[]','VishalK','fa73c69bbbf95020e8a3b6bfa9863bd8'),(12,'pradyot.mokashi',NULL,NULL,'pradyot_mokashi@live.com','[]','[]','pradyotmokashi','66e93f727245af00bd9391b581682e99'),(13,'sagar.gala.37',NULL,NULL,'sagargala56@gmail.com','[]','[]','sagargala56','b63ff98d85b0e1d3cc0374ff66f942cc'),(14,'tilak.kakkad',NULL,NULL,'luckytilak92@gmail.com','[]','[]','tluck','c38f40d9cb3834dcc6b6526c2a79c156'),(15,'vineetnanavati1991',NULL,NULL,'vineet_bloodsucker@yahoo.co.in','[]','[]','vin','e3f2b6b8bf0c7726c6b456c5a13eb1e1'),(16,'swapythetroll',NULL,NULL,'swapnil91992@gmail.com','[]','[]','swapya','0c0fc7cc6374719855fada3ba6e5d8f6'),(17,'100001447242598',NULL,NULL,'sakinad52@hotmail.com','[40]','[]','Sakina_Dhinojwala','d41d8cd98f00b204e9800998ecf8427e'),(18,'100002808444010',NULL,NULL,'anushsamanta11@gmail.com','[]','[]','Anush_Samanta','d41d8cd98f00b204e9800998ecf8427e'),(19,'100004033828339',NULL,NULL,'anuja.supekar@yahoo.com','[6.0, 5]','[]','Anuja_Supekar','d41d8cd98f00b204e9800998ecf8427e'),(20,'10202517624461770',NULL,NULL,'viks117@yahoo.co.in','[]','[]','Vikrant_Shinde','d41d8cd98f00b204e9800998ecf8427e'),(21,'1015958665098936',NULL,NULL,'javedk16@gmail.com','[]','[]','Javed_Khatri','d41d8cd98f00b204e9800998ecf8427e'),(22,'10152774448563303',NULL,NULL,'mrunmayee2104@yahoo.co.in','[]','[]','Mrunmayee_Sunil_Datar','d41d8cd98f00b204e9800998ecf8427e'),(23,'10205692754935981',NULL,NULL,'toxic_anuj@yahoo.co.in','[5]','[]','Anuj_Modi','d41d8cd98f00b204e9800998ecf8427e'),(24,'10200360767219343',NULL,NULL,'shubham_langer@yahoo.co.in','[]','[]','Shubham_Langer','d41d8cd98f00b204e9800998ecf8427e'),(25,'788935201159497',NULL,NULL,'bhagyeshdange@ymail.com','[]','[]','Bhagyesh_Dange','d41d8cd98f00b204e9800998ecf8427e'),(26,'10150010544325740',NULL,NULL,'wqokclajqk_1398199323@tfbnw.net','[]','[]','Ross_Geller','d41d8cd98f00b204e9800998ecf8427e'),(27,'100000081703750',NULL,NULL,'seena.gregory@gmail.com','[5]','[]','Seena_Gregory','d41d8cd98f00b204e9800998ecf8427e'),(28,'1407242745',NULL,NULL,'denis.kulicek@gmail.com','[5]','[]','Denis_Kulek','d41d8cd98f00b204e9800998ecf8427e'),(29,'1527706149',NULL,NULL,'ste.imo@hotmail.it','[]','[]','Stefano_Imoscopi','d41d8cd98f00b204e9800998ecf8427e'),(30,'10152991008231328',NULL,NULL,'tozzy.talks@gmail.com','[]','[]','Yonathan_Antonio','d41d8cd98f00b204e9800998ecf8427e'),(31,'1055529534472527',NULL,NULL,'vaibhavi.haria@gmail.com','[5]','[5.0, 5.0, 3.0, 7]','Vaibhavi_Haria','d41d8cd98f00b204e9800998ecf8427e'),(32,'919452891398447',NULL,NULL,'rapperofthecarribean@hotmail.com','[]','[]','Sean_Bragana','d41d8cd98f00b204e9800998ecf8427e'),(33,'828187657248046',NULL,NULL,'viratanvi@yahoo.in','[40]','[]','Tanvi_Vira','d41d8cd98f00b204e9800998ecf8427e'),(34,'10204645842479438',NULL,NULL,'sonali_cool44@yahoo.com','[]','[]','Sonali_Deo','d41d8cd98f00b204e9800998ecf8427e'),(35,'771529769596631',NULL,NULL,'sushantgaikwad151193@gmail.com','[]','[]','Sushant_Gaikwad','d41d8cd98f00b204e9800998ecf8427e'),(36,'10205632784595851',NULL,NULL,'surashree.k@rediffmail.com','[]','[]','Surashree_Kulkarni','d41d8cd98f00b204e9800998ecf8427e'),(37,'756154461137029',NULL,NULL,'akshu.bhat12@gmail.com','[]','[7]','Akshata_Bhat','d41d8cd98f00b204e9800998ecf8427e'),(38,'778104402283458',NULL,NULL,'madhura.nagaonkar1@gmail.com','[]','[]','Madhura_Nagaonkar','d41d8cd98f00b204e9800998ecf8427e'),(39,'100007258239633',NULL,NULL,'tejas.kumthekar26@gmail.com','[5]','[]','Harold_Wren','d41d8cd98f00b204e9800998ecf8427e'),(40,'10152651202213441',NULL,NULL,'muffi840@yahoo.com','[]','[17.0, 33]','Mufaddal_Dahodwala','d41d8cd98f00b204e9800998ecf8427e'),(41,'795900813791275',NULL,NULL,'ankitsanghavi10@gmail.com','[]','[]','Ankit_Sanghavi','d41d8cd98f00b204e9800998ecf8427e'),(42,'594501247318121',NULL,NULL,'karan.ghadigaonkar@gmail.com','[]','[]','Karan_Ghadigaonkar','d41d8cd98f00b204e9800998ecf8427e'),(43,'1032654370081260',NULL,NULL,'kothari.sayali@gmail.com','[5]','[]','Sayali_Kothari','d41d8cd98f00b204e9800998ecf8427e'),(44,'879909768728592',NULL,NULL,'laura.gabriela08@yahoo.com','[]','[]','Laura_Gabriela','d41d8cd98f00b204e9800998ecf8427e'),(45,'624638387682486',NULL,NULL,'saby93_rbd_forever@yahoo.com','[]','[]','Sby_Alexa','d41d8cd98f00b204e9800998ecf8427e'),(46,'824100597655652',NULL,NULL,'xtina_sexy_girl@yahoo.com','[]','[]','Lorena_Lre','d41d8cd98f00b204e9800998ecf8427e'),(47,'762318997171790',NULL,NULL,'gothboy_93@yahoo.com','[]','[]','Neculai_Andrei_Stefan','d41d8cd98f00b204e9800998ecf8427e'),(48,'767691019981807',NULL,NULL,'andra_b_4_ever@yahoo.com','[5]','[]','Andreea_Balan','d41d8cd98f00b204e9800998ecf8427e'),(49,'714327595331292',NULL,NULL,'sushant.b.choudhary2012@gmail.com','[6]','[]','Sushant_Choudhary','d41d8cd98f00b204e9800998ecf8427e'),(50,'769234439830309',NULL,NULL,'phukonsupriya@gmail.com','[5]','[7]','Supriya_Phukan','d41d8cd98f00b204e9800998ecf8427e'),(51,'10153042746538750',NULL,NULL,'abbasz51@hotmail.com','[]','[]','Abbs_King','d41d8cd98f00b204e9800998ecf8427e'),(52,'819441211461373',NULL,NULL,'yogendrashelke1992@gmail.com','[]','[]','Yogendra_Shelke','d41d8cd98f00b204e9800998ecf8427e'),(53,'10205133903443683',NULL,NULL,'mectigran@gmail.com','[]','[]','Tigran_Mkhoyan','d41d8cd98f00b204e9800998ecf8427e'),(54,'921064397938039',NULL,NULL,'akshay_abhi143@yahoo.in','[]','[]','Akshay_Pawar','d41d8cd98f00b204e9800998ecf8427e');
/*!40000 ALTER TABLE `login_tbl` ENABLE KEYS */;
UNLOCK TABLES;

--
-- Table structure for table `notifications`
--

DROP TABLE IF EXISTS `notifications`;
/*!40101 SET @saved_cs_client     = @@character_set_client */;
/*!40101 SET character_set_client = utf8 */;
CREATE TABLE `notifications` (
  `nid` bigint(20) NOT NULL AUTO_INCREMENT,
  `uid` int(11) NOT NULL,
  `notification` varchar(100) DEFAULT NULL,
  `link` varchar(100) DEFAULT NULL,
  `checked` tinyint(4) DEFAULT '0',
  `ts` timestamp NULL DEFAULT CURRENT_TIMESTAMP,
  PRIMARY KEY (`nid`),
  KEY `uid_idx` (`uid`),
  CONSTRAINT `uid` FOREIGN KEY (`uid`) REFERENCES `login_tbl` (`uid`) ON DELETE NO ACTION ON UPDATE NO ACTION
) ENGINE=InnoDB AUTO_INCREMENT=105 DEFAULT CHARSET=latin1;
/*!40101 SET character_set_client = @saved_cs_client */;

--
-- Dumping data for table `notifications`
--

LOCK TABLES `notifications` WRITE;
/*!40000 ALTER TABLE `notifications` DISABLE KEYS */;
INSERT INTO `notifications` VALUES (1,3,'Congratulations!! @taha has solved your poll, null and you earned 2 fish for that!!','result/1/Your_Opinion_on_Charlie_Hebdo_attack',0,'2015-01-11 21:27:31'),(2,3,'Congratulations!! @seo has solved your poll, null and you earned 2 fish for that!!','result/1/Your_Opinion_on_Charlie_Hebdo_attack',0,'2015-01-12 06:55:17'),(3,5,'Congratulations!! @seo has solved your poll, null and you earned 2 fish for that!!','result/2/JK_governance',0,'2015-01-12 06:55:23'),(4,5,'Congratulations!! @tk26 has solved your poll, null and you earned 2 fish for that!!','result/2/JK_governance',0,'2015-01-12 18:34:48'),(5,6,'Congratulations!! @khaleesi has solved your poll, null and you earned 2 fish for that!!','result/4/Who_will_win_English_Premier_League_in_20142015',1,'2015-01-12 18:48:42'),(6,3,'Congratulations!! @khaleesi has solved your poll, null and you earned 2 fish for that!!','result/1/Your_Opinion_on_Charlie_Hebdo_attack',0,'2015-01-13 19:19:21'),(7,3,'Congratulations!! @sakina has solved your poll, null and you earned 2 fish for that!!','result/1/Your_Opinion_on_Charlie_Hebdo_attack',0,'2015-01-13 19:21:02'),(8,3,'Congratulations!! @sakina has solved your poll, null and you earned 2 fish for that!!','result/1/Your_Opinion_on_Charlie_Hebdo_attack',0,'2015-01-13 19:22:41'),(9,6,'Congratulations!! @taha has solved your poll, null and you earned 2 fish for that!!','result/3/PM_Modi_effect',0,'2015-01-14 08:14:35'),(10,3,'Congratulations!! @taha has solved your poll, null and you earned 2 fish for that!!','result/1/Your_Opinion_on_Charlie_Hebdo_attack',0,'2015-01-14 12:43:34'),(11,5,'Congratulations!! @shiny has solved your poll, null and you earned 2 fish for that!!','result/2/JK_governance',0,'2015-01-15 14:35:17'),(12,3,'Congratulations!! @taha has solved your poll, null and you earned 2 fish for that!!','result/5/Viral_ko_group_mein_Rakhna_hai',0,'2015-01-15 17:30:55'),(13,3,'Congratulations!! @gmail has solved your poll, null and you earned 2 fish for that!!','result/5/Viral_ko_group_mein_Rakhna_hai',0,'2015-01-15 17:55:55'),(14,3,'Congratulations!! @VishalK has solved your poll, null and you earned 2 fish for that!!','result/5/Viral_ko_group_mein_Rakhna_hai',0,'2015-01-15 18:31:02'),(15,3,'Congratulations!! @VishalK has solved your poll, null and you earned 2 fish for that!!','result/1/Your_Opinion_on_Charlie_Hebdo_attack',0,'2015-01-15 18:33:34'),(16,3,'Congratulations!! @pradyotmokashi has solved your poll, null and you earned 2 fish for that!!','result/1/Your_Opinion_on_Charlie_Hebdo_attack',0,'2015-01-16 03:28:26'),(17,3,'Congratulations!! @khaleesi has solved your poll, null and you earned 2 fish for that!!','result/5/Viral_ko_group_mein_Rakhna_hai',0,'2015-01-16 19:04:21'),(18,3,'Congratulations!! @khaleesi has solved your poll, null and you earned 2 fish for that!!','result/5/Viral_ko_group_mein_Rakhna_hai',1,'2015-01-16 19:06:26'),(19,5,'Congratulations!! @khaleesi has solved your poll, null and you earned 2 fish for that!!','result/2/JK_governance',0,'2015-01-16 19:11:52'),(20,6,'Congratulations!! @khaleesi has solved your poll, null and you earned 2 fish for that!!','result/3/PM_Modi_effect',0,'2015-01-16 19:13:30'),(21,3,'Congratulations!! @tluck has solved your poll, null and you earned 2 fish for that!!','result/5/Viral_ko_group_mein_Rakhna_hai',0,'2015-01-16 19:23:02'),(22,6,'Congratulations!! @swapya has solved your poll, null and you earned 2 fish for that!!','result/3/PM_Modi_effect',0,'2015-01-17 08:59:10'),(23,5,'Congratulations!! @taha has solved your poll, null and you earned 2 fish for that!!','result/2/JK_governance',0,'2015-01-17 13:01:45'),(24,6,'Congratulations!! @sbs has solved your poll, null and you earned 2 fish for that!!','result/4/Who_will_win_English_Premier_League_in_20142015',0,'2015-01-19 15:49:27'),(25,6,'Congratulations!! @sbs has solved your poll, null and you earned 2 fish for that!!','result/4/Who_will_win_English_Premier_League_in_20142015',0,'2015-01-19 15:49:27'),(26,5,'Congratulations!! @ has solved your poll, null and you earned 2 fish for that!!','result/2/JK_governance',0,'2015-01-24 15:39:57'),(27,6,'Congratulations!! @ has solved your poll, null and you earned 2 fish for that!!','result/3/PM_Modi_effect',0,'2015-01-24 15:39:58'),(28,6,'Congratulations!! @ has solved your poll, null and you earned 2 fish for that!!','result/4/Who_will_win_English_Premier_League_in_20142015',0,'2015-01-24 15:40:01'),(29,3,'Congratulations!! @ has solved your poll, null and you earned 2 fish for that!!','result/1/Your_Opinion_on_Charlie_Hebdo_attack',0,'2015-01-24 15:40:01'),(30,3,'Congratulations!! @ has solved your poll, null and you earned 2 fish for that!!','result/5/Viral_ko_group_mein_Rakhna_hai',0,'2015-01-24 15:40:02'),(31,1,'Congratulations!! @taha has solved your poll, null and you earned 2 fish for that!!','result/6/Would_you_vote_Arvind_Kejriwal_Or_Kiran_Bedi',0,'2015-01-25 15:29:35'),(32,3,'Congratulations!! @taha has solved your poll, null and you earned 2 fish for that!!','result/7/What_information_are_you_willing_to_share_with_your_government',0,'2015-01-25 21:00:41'),(33,3,'Congratulations!! @Sakina_Dhinojwala has solved your poll, null and you earned 2 fish for that!!','result/7/What_information_are_you_willing_to_share_with_your_government',0,'2015-01-25 21:50:52'),(34,3,'Congratulations!! @Anuja_Supekar has solved your poll, null and you earned 2 fish for that!!','result/7/What_information_are_you_willing_to_share_with_your_government',0,'2015-01-26 04:37:53'),(35,3,'Congratulations!! @Mrunmayee_Sunil_Datar has solved your poll, null and you earned 2 fish for that!!','result/7/What_information_are_you_willing_to_share_with_your_government',0,'2015-01-26 06:30:12'),(36,3,'Congratulations!! @gmail has solved your poll, null and you earned 2 fish for that!!','result/7/What_information_are_you_willing_to_share_with_your_government',0,'2015-01-26 07:52:01'),(37,3,'Congratulations!! @Anuj_Modi has solved your poll, null and you earned 2 fish for that!!','result/7/What_information_are_you_willing_to_share_with_your_government',0,'2015-01-26 11:16:11'),(38,3,'Congratulations!! @Shubham_Langer has solved your poll, null and you earned 2 fish for that!!','result/7/What_information_are_you_willing_to_share_with_your_government',1,'2015-01-26 11:22:55'),(39,1,'Congratulations!! @Shubham_Langer has solved your poll, null and you earned 2 fish for that!!','result/6/Would_you_vote_Arvind_Kejriwal_Or_Kiran_Bedi',0,'2015-01-26 11:33:18'),(40,5,'Congratulations!! @Shubham_Langer has solved your poll, null and you earned 2 fish for that!!','result/2/JK_governance',0,'2015-01-26 11:33:59'),(41,6,'Congratulations!! @Shubham_Langer has solved your poll, null and you earned 2 fish for that!!','result/3/PM_Modi_effect',1,'2015-01-26 11:35:31'),(42,3,'Congratulations!! @seo has solved your poll, null and you earned 2 fish for that!!','result/7/What_information_are_you_willing_to_share_with_your_government',1,'2015-01-26 15:35:49'),(43,3,'Congratulations!! @sbs has solved your poll, null and you earned 2 fish for that!!','result/7/What_information_are_you_willing_to_share_with_your_government',0,'2015-01-26 18:10:23'),(44,3,'Congratulations!! @tk26 has solved your poll, null and you earned 2 fish for that!!','result/7/What_information_are_you_willing_to_share_with_your_government',0,'2015-01-26 18:13:23'),(45,3,'Congratulations!! @Seena_Gregory has solved your poll, null and you earned 2 fish for that!!','result/7/What_information_are_you_willing_to_share_with_your_government',1,'2015-01-26 18:31:51'),(46,3,'Congratulations!! @Denis_Kulek has solved your poll, null and you earned 2 fish for that!!','result/7/What_information_are_you_willing_to_share_with_your_government',0,'2015-01-26 21:27:50'),(47,3,'Congratulations!! @Stefano_Imoscopi has solved your poll, null and you earned 2 fish for that!!','result/7/What_information_are_you_willing_to_share_with_your_government',1,'2015-01-26 21:34:07'),(48,3,'Congratulations!! @Yonathan_Antonio has solved your poll, null and you earned 2 fish for that!!','result/7/What_information_are_you_willing_to_share_with_your_government',0,'2015-01-26 21:56:00'),(49,3,'Congratulations!! @khaleesi has solved your poll, null and you earned 2 fish for that!!','result/7/What_information_are_you_willing_to_share_with_your_government',1,'2015-01-27 00:06:27'),(50,3,'Congratulations!! @Vaibhavi_Haria has solved your poll, null and you earned 2 fish for that!!','result/7/What_information_are_you_willing_to_share_with_your_government',1,'2015-01-27 08:19:39'),(51,3,'Congratulations!! @Sean_Bragana has solved your poll, null and you earned 2 fish for that!!','result/7/What_information_are_you_willing_to_share_with_your_government',1,'2015-01-27 09:12:44'),(52,3,'Congratulations!! @Tanvi_Vira has solved your poll, null and you earned 2 fish for that!!','result/7/What_information_are_you_willing_to_share_with_your_government',0,'2015-01-27 12:03:36'),(53,3,'Congratulations!! @Sonali_Deo has solved your poll, null and you earned 2 fish for that!!','result/7/What_information_are_you_willing_to_share_with_your_government',0,'2015-01-27 13:59:10'),(54,3,'Congratulations!! @Surashree_Kulkarni has solved your poll, null and you earned 2 fish for that!!','result/7/What_information_are_you_willing_to_share_with_your_government',0,'2015-01-27 15:06:39'),(55,3,'Congratulations!! @Akshata_Bhat has solved your poll, null and you earned 2 fish for that!!','result/7/What_information_are_you_willing_to_share_with_your_government',1,'2015-01-27 16:32:46'),(56,1,'Congratulations!! @tk26 has solved your poll, null and you earned 2 fish for that!!','result/6/Would_you_vote_Arvind_Kejriwal_Or_Kiran_Bedi',0,'2015-01-27 18:44:21'),(57,3,'Congratulations!! @Harold_Wren has solved your poll, null and you earned 2 fish for that!!','result/7/What_information_are_you_willing_to_share_with_your_government',1,'2015-01-28 03:51:38'),(58,1,'Congratulations!! @seo has solved your poll, null and you earned 2 fish for that!!','result/6/Would_you_vote_Arvind_Kejriwal_Or_Kiran_Bedi',0,'2015-01-28 06:24:30'),(59,3,'Congratulations!! @Mufaddal_Dahodwala has solved your poll, null and you earned 2 fish for that!!','result/7/What_information_are_you_willing_to_share_with_your_government',1,'2015-01-28 17:00:39'),(60,6,'Congratulations!! @Mufaddal_Dahodwala has solved your poll, null and you earned 2 fish for that!!','result/3/PM_Modi_effect',0,'2015-01-28 17:05:39'),(61,40,'Congratulations!! @taha has solved your poll, null and you earned 2 fish for that!!','result/8/Survey_on_sexual_wellness',0,'2015-01-28 17:25:20'),(62,40,'Congratulations!! @Mufaddal_Dahodwala has solved your poll, null and you earned 2 fish for that!!','result/8/Survey_on_sexual_wellness',0,'2015-01-29 12:49:06'),(63,40,'Congratulations!! @Mufaddal_Dahodwala has solved your poll, null and you earned 2 fish for that!!','result/8/Survey_on_sexual_wellness',0,'2015-01-29 12:49:07'),(64,40,'Congratulations!! @Mufaddal_Dahodwala has solved your poll, null and you earned 2 fish for that!!','result/8/Survey_on_sexual_wellness',0,'2015-01-29 12:49:10'),(65,40,'Congratulations!! @Mufaddal_Dahodwala has solved your poll, null and you earned 2 fish for that!!','result/8/Survey_on_sexual_wellness',0,'2015-01-29 12:49:14'),(66,40,'Congratulations!! @Mufaddal_Dahodwala has solved your poll, null and you earned 2 fish for that!!','result/8/Survey_on_sexual_wellness',0,'2015-01-29 12:49:14'),(67,40,'Congratulations!! @Mufaddal_Dahodwala has solved your poll, null and you earned 2 fish for that!!','result/8/Survey_on_sexual_wellness',0,'2015-01-29 12:49:18'),(68,3,'Congratulations!! @Sayali_Kothari has solved your poll, null and you earned 2 fish for that!!','result/7/What_information_are_you_willing_to_share_with_your_government',0,'2015-01-30 09:25:14'),(69,3,'Congratulations!! @Sby_Alexa has solved your poll, null and you earned 2 fish for that!!','result/7/What_information_are_you_willing_to_share_with_your_government',0,'2015-01-30 10:46:02'),(70,3,'Congratulations!! @Lorena_Lre has solved your poll, null and you earned 2 fish for that!!','result/7/What_information_are_you_willing_to_share_with_your_government',0,'2015-01-30 11:09:38'),(71,3,'Congratulations!! @Neculai_Andrei_Stefan has solved your poll, null and you earned 2 fish for that!!','result/7/What_information_are_you_willing_to_share_with_your_government',0,'2015-01-30 14:25:16'),(72,3,'Congratulations!! @Andreea_Balan has solved your poll, null and you earned 2 fish for that!!','result/7/What_information_are_you_willing_to_share_with_your_government',0,'2015-01-30 15:14:45'),(73,1,'Congratulations!! @sbs has solved your poll, null and you earned 2 fish for that!!','result/6/Would_you_vote_Arvind_Kejriwal_Or_Kiran_Bedi',0,'2015-01-30 18:12:09'),(74,5,'Congratulations!! @Anush_Samanta has solved your poll, null and you earned 2 fish for that!!','result/2/JK_governance',0,'2015-01-30 18:47:25'),(75,5,'Congratulations!! @Anush_Samanta has solved your poll, null and you earned 2 fish for that!!','result/2/JK_governance',0,'2015-01-30 18:48:09'),(76,5,'Congratulations!! @Anush_Samanta has solved your poll, null and you earned 2 fish for that!!','result/2/JK_governance',0,'2015-01-30 18:48:36'),(77,1,'Congratulations!! @Sushant_Choudhary has solved your poll, null and you earned 2 fish for that!!','result/6/Would_you_vote_Arvind_Kejriwal_Or_Kiran_Bedi',0,'2015-01-31 06:46:16'),(78,6,'Congratulations!! @Sushant_Choudhary has solved your poll, null and you earned 2 fish for that!!','result/3/PM_Modi_effect',0,'2015-01-31 06:50:48'),(79,5,'Congratulations!! @sbs has solved your poll, null and you earned 2 fish for that!!','result/2/JK_governance',0,'2015-01-31 07:06:19'),(80,6,'Congratulations!! @sbs has solved your poll, null and you earned 2 fish for that!!','result/3/PM_Modi_effect',0,'2015-01-31 07:07:07'),(81,49,'Congratulations!! @tk26 has solved your poll, null and you earned 2 fish for that!!','result/9/REAL_MEMORIES_NEED_NOT_BE_SNAPPED',1,'2015-01-31 12:10:53'),(82,3,'Congratulations!! @Supriya_Phukan has solved your poll, null and you earned 2 fish for that!!','result/7/What_information_are_you_willing_to_share_with_your_government',0,'2015-01-31 17:11:52'),(83,3,'Congratulations!! @Supriya_Phukan has solved your poll, null and you earned 2 fish for that!!','result/7/What_information_are_you_willing_to_share_with_your_government',0,'2015-01-31 17:11:55'),(84,40,'Congratulations!! @Supriya_Phukan has solved your poll, null and you earned 2 fish for that!!','result/8/Survey_on_sexual_wellness',0,'2015-01-31 17:16:47'),(85,40,'Congratulations!! @Supriya_Phukan has solved your poll, null and you earned 2 fish for that!!','result/8/Survey_on_sexual_wellness',0,'2015-01-31 17:16:51'),(86,3,'Congratulations!! @Abbs_King has solved your poll, null and you earned 2 fish for that!!','result/7/What_information_are_you_willing_to_share_with_your_government',1,'2015-01-31 17:18:12'),(87,49,'Congratulations!! @Supriya_Phukan has solved your poll, null and you earned 2 fish for that!!','result/9/REAL_MEMORIES_NEED_NOT_BE_SNAPPED',0,'2015-01-31 17:20:58'),(88,1,'Congratulations!! @Supriya_Phukan has solved your poll, null and you earned 2 fish for that!!','result/6/Would_you_vote_Arvind_Kejriwal_Or_Kiran_Bedi',0,'2015-01-31 17:22:19'),(89,5,'Congratulations!! @Supriya_Phukan has solved your poll, null and you earned 2 fish for that!!','result/2/JK_governance',0,'2015-01-31 17:22:43'),(90,6,'Congratulations!! @Supriya_Phukan has solved your poll, null and you earned 2 fish for that!!','result/3/PM_Modi_effect',0,'2015-01-31 17:26:01'),(91,6,'Congratulations!! @Supriya_Phukan has solved your poll, null and you earned 2 fish for that!!','result/4/Who_will_win_English_Premier_League_in_20142015',0,'2015-01-31 17:28:14'),(92,3,'Congratulations!! @Supriya_Phukan has solved your poll, null and you earned 2 fish for that!!','result/5/Viral_ko_group_mein_Rakhna_hai',1,'2015-01-31 17:29:29'),(93,49,'Congratulations!! @seo has solved your poll, null and you earned 2 fish for that!!','result/9/REAL_MEMORIES_NEED_NOT_BE_SNAPPED',0,'2015-01-31 18:32:36'),(94,50,'Congratulations!! @seo has solved your poll, null and you earned 2 fish for that!!','result/10/Science_of_SELFREALIZATION',0,'2015-01-31 18:35:09'),(95,50,'Congratulations!! @seo has solved your poll, null and you earned 2 fish for that!!','result/11/Science_of_SELFREALIZATION',0,'2015-01-31 18:40:51'),(96,3,'Congratulations!! @taha has solved your poll, null and you earned 2 fish for that!!','result/12/which_political_party_do_you_favor',0,'2015-01-31 20:16:12'),(97,50,'Congratulations!! @Sushant_Choudhary has solved your poll, null and you earned 2 fish for that!!','result/10/Science_of_SELFREALIZATION',0,'2015-02-01 06:12:07'),(98,3,'Congratulations!! @Sushant_Choudhary has solved your poll, null and you earned 2 fish for that!!','result/12/which_political_party_do_you_favor',0,'2015-02-01 06:12:33'),(99,6,'Congratulations!! @Yogendra_Shelke has solved your poll, null and you earned 2 fish for that!!','result/3/PM_Modi_effect',0,'2015-02-02 06:34:49'),(100,3,'Congratulations!! @Tigran_Mkhoyan has solved your poll, null and you earned 2 fish for that!!','result/7/What_information_are_you_willing_to_share_with_your_government',0,'2015-02-02 13:52:26'),(101,3,'Congratulations!! @seo has solved your poll, null and you earned 2 fish for that!!','result/12/which_political_party_do_you_favor',0,'2015-02-02 18:43:26'),(102,3,'Congratulations!! @seo has solved your poll, null and you earned 2 fish for that!!','result/12/which_political_party_do_you_favor',0,'2015-02-02 18:43:30'),(103,50,'Congratulations!! @Harold_Wren has solved your poll, null and you earned 2 fish for that!!','result/10/Science_of_SELFREALIZATION',0,'2015-02-02 19:05:15'),(104,5,'Congratulations!! @seo has solved your poll, null and you earned 2 fish for that!!','result/13/AIB_knockout_review',0,'2015-02-02 19:20:24');
/*!40000 ALTER TABLE `notifications` ENABLE KEYS */;
UNLOCK TABLES;

--
-- Table structure for table `pid_cid_mapper`
--

DROP TABLE IF EXISTS `pid_cid_mapper`;
/*!40101 SET @saved_cs_client     = @@character_set_client */;
/*!40101 SET character_set_client = utf8 */;
CREATE TABLE `pid_cid_mapper` (
  `pid` int(11) NOT NULL,
  `cid` varchar(4) NOT NULL,
  KEY `pid_cid_mapper_ibfk_1` (`pid`),
  CONSTRAINT `pid_cid_mapper_ibfk_1` FOREIGN KEY (`pid`) REFERENCES `poll_tbl` (`pid`)
) ENGINE=InnoDB DEFAULT CHARSET=latin1;
/*!40101 SET character_set_client = @saved_cs_client */;

--
-- Dumping data for table `pid_cid_mapper`
--

LOCK TABLES `pid_cid_mapper` WRITE;
/*!40000 ALTER TABLE `pid_cid_mapper` DISABLE KEYS */;
INSERT INTO `pid_cid_mapper` VALUES (1,'72'),(1,'86'),(1,'87'),(1,'22'),(2,'86'),(2,'87'),(3,'83'),(3,'86'),(3,'87'),(4,'86'),(5,'82'),(6,'86'),(6,'87'),(6,'66'),(7,'86'),(7,'87'),(7,'62'),(9,'45'),(9,'33'),(10,'34'),(12,'87'),(13,'36'),(13,'86');
/*!40000 ALTER TABLE `pid_cid_mapper` ENABLE KEYS */;
UNLOCK TABLES;

--
-- Table structure for table `poll_ans_tbl`
--

DROP TABLE IF EXISTS `poll_ans_tbl`;
/*!40101 SET @saved_cs_client     = @@character_set_client */;
/*!40101 SET character_set_client = utf8 */;
CREATE TABLE `poll_ans_tbl` (
  `poll_ans_key` int(11) NOT NULL AUTO_INCREMENT,
  `pid` int(11) NOT NULL,
  `uid` int(11) NOT NULL,
  `ans_json` varchar(1000) NOT NULL,
  `solve_ts` timestamp NOT NULL DEFAULT CURRENT_TIMESTAMP ON UPDATE CURRENT_TIMESTAMP,
  `anonymous` int(11) DEFAULT '0',
  `ipaddress` varchar(100) NOT NULL,
  `geolocation_json` varchar(500) NOT NULL,
  PRIMARY KEY (`poll_ans_key`),
  KEY `pid` (`pid`),
  KEY `uid` (`uid`)
) ENGINE=InnoDB AUTO_INCREMENT=125 DEFAULT CHARSET=latin1;
/*!40101 SET character_set_client = @saved_cs_client */;

--
-- Dumping data for table `poll_ans_tbl`
--

LOCK TABLES `poll_ans_tbl` WRITE;
/*!40000 ALTER TABLE `poll_ans_tbl` DISABLE KEYS */;
INSERT INTO `poll_ans_tbl` VALUES (1,1,3,'[{\"qtn_id\":1,\"qtn_type\":\"mcss\",\"ans\":[\"1\"]},{\"qtn_id\":2,\"qtn_type\":\"mcss\",\"ans\":[\"2\"]},{\"qtn_id\":3,\"qtn_type\":\"mcss\",\"ans\":[\"2\"]},{\"qtn_id\":4,\"qtn_type\":\"tb\",\"ans\":[[\"Everyone respecting each others religion, race, status and sentiments is the only way to achieve world peace.\"]]}]','2015-01-11 21:27:31',0,'83.84.235.163','{\"longitude\":4.3,\"latitude\":52.0833,\"asn\":\"AS9143\",\"offset\":\"2\",\"ip\":\"83.84.235.163\",\"area_code\":\"0\",\"continent_code\":\"EU\",\"dma_code\":\"0\",\"city\":\"Den Haag\",\"timezone\":\"Europe/Amsterdam\",\"region\":\"Zuid-Holland\",\"country_code\":\"NL\",\"isp\":\"Ziggo B.V.\",\"country\":\"Netherlands\",\"country_code3\":\"NLD\",\"region_code\":\"11\"}'),(2,1,5,'[{\"qtn_id\":1,\"qtn_type\":\"mcss\",\"ans\":[\"1\"]},{\"qtn_id\":2,\"qtn_type\":\"mcss\",\"ans\":[\"2\"]},{\"qtn_id\":3,\"qtn_type\":\"mcss\",\"ans\":[\"2\"]},{\"qtn_id\":4,\"qtn_type\":\"tb\",\"ans\":[[\"Everyone should accept that human beings are more important than all races\"]]}]','2015-01-12 06:55:17',0,'114.143.198.2','{\"longitude\":77,\"latitude\":20,\"asn\":\"AS17762\",\"offset\":\"5\",\"ip\":\"114.143.198.2\",\"area_code\":\"0\",\"continent_code\":\"AS\",\"dma_code\":\"0\",\"timezone\":\"Asia/Kolkata\",\"country_code\":\"IN\",\"isp\":\"Tata Teleservices Maharashtra Ltd\",\"country\":\"India\",\"country_code3\":\"IND\"}'),(3,2,5,'[{\"qtn_id\":1,\"qtn_type\":\"mcss\",\"ans\":[\"1\"]}]','2015-01-12 06:55:23',0,'114.143.198.2','{\"longitude\":77,\"latitude\":20,\"asn\":\"AS17762\",\"offset\":\"5\",\"ip\":\"114.143.198.2\",\"area_code\":\"0\",\"continent_code\":\"AS\",\"dma_code\":\"0\",\"timezone\":\"Asia/Kolkata\",\"country_code\":\"IN\",\"isp\":\"Tata Teleservices Maharashtra Ltd\",\"country\":\"India\",\"country_code3\":\"IND\"}'),(4,2,6,'[{\"qtn_id\":1,\"qtn_type\":\"mcss\",\"ans\":[\"2\"]}]','2015-01-12 18:34:48',0,'117.204.170.91','{\"longitude\":72.75,\"latitude\":19.6833,\"asn\":\"AS9829\",\"offset\":\"5\",\"ip\":\"117.204.170.91\",\"area_code\":\"0\",\"continent_code\":\"AS\",\"dma_code\":\"0\",\"city\":\"Palghar\",\"timezone\":\"Asia/Kolkata\",\"region\":\"Maharashtra\",\"country_code\":\"IN\",\"isp\":\"National Internet Backbone\",\"country\":\"India\",\"country_code3\":\"IND\",\"region_code\":\"16\"}'),(5,4,1,'[{\"qtn_id\":1,\"qtn_type\":\"mcss\",\"ans\":[\"5\"]}]','2015-01-12 18:48:42',0,'83.84.235.163','{\"longitude\":4.3,\"latitude\":52.0833,\"asn\":\"AS9143\",\"offset\":\"2\",\"ip\":\"83.84.235.163\",\"area_code\":\"0\",\"continent_code\":\"EU\",\"dma_code\":\"0\",\"city\":\"Den Haag\",\"timezone\":\"Europe/Amsterdam\",\"region\":\"Zuid-Holland\",\"country_code\":\"NL\",\"isp\":\"Ziggo B.V.\",\"country\":\"Netherlands\",\"country_code3\":\"NLD\",\"region_code\":\"11\"}'),(6,1,1,'[{\"qtn_id\":1,\"qtn_type\":\"mcss\",\"ans\":[\"1\"]},{\"qtn_id\":2,\"qtn_type\":\"mcss\",\"ans\":[\"1\"]},{\"qtn_id\":3,\"qtn_type\":\"mcss\",\"ans\":[\"2\"]},{\"qtn_id\":4,\"qtn_type\":\"tb\",\"ans\":[[\"let there be peace\"]]}]','2015-01-13 19:19:21',0,'83.84.235.163','{\"longitude\":4.3,\"latitude\":52.0833,\"asn\":\"AS9143\",\"offset\":\"2\",\"ip\":\"83.84.235.163\",\"area_code\":\"0\",\"continent_code\":\"EU\",\"dma_code\":\"0\",\"city\":\"Den Haag\",\"timezone\":\"Europe/Amsterdam\",\"region\":\"Zuid-Holland\",\"country_code\":\"NL\",\"isp\":\"Ziggo B.V.\",\"country\":\"Netherlands\",\"country_code3\":\"NLD\",\"region_code\":\"11\"}'),(9,3,3,'[{\"qtn_id\":1,\"qtn_type\":\"mcss\",\"ans\":[\"4\"]},{\"qtn_id\":2,\"qtn_type\":\"mcss\",\"ans\":[\"3\"]},{\"qtn_id\":3,\"qtn_type\":\"mcss\",\"ans\":[\"3\"]},{\"qtn_id\":4,\"qtn_type\":\"mcss\",\"ans\":[\"2\"]},{\"qtn_id\":5,\"qtn_type\":\"tb\",\"ans\":[[\"Modi is ok but radical grps have turn up their ugly head after modi has come to power\"]]}]','2015-01-14 08:14:35',1,'83.84.235.163','{\"longitude\":4.3,\"latitude\":52.0833,\"asn\":\"AS9143\",\"offset\":\"2\",\"ip\":\"83.84.235.163\",\"area_code\":\"0\",\"continent_code\":\"EU\",\"dma_code\":\"0\",\"city\":\"Den Haag\",\"timezone\":\"Europe/Amsterdam\",\"region\":\"Zuid-Holland\",\"country_code\":\"NL\",\"isp\":\"Ziggo B.V.\",\"country\":\"Netherlands\",\"country_code3\":\"NLD\",\"region_code\":\"11\"}'),(10,1,3,'[{\"qtn_id\":1,\"qtn_type\":\"mcss\",\"ans\":[\"1\"]},{\"qtn_id\":2,\"qtn_type\":\"mcss\",\"ans\":[\"2\"]},{\"qtn_id\":3,\"qtn_type\":\"mcss\",\"ans\":[\"1\"]},{\"qtn_id\":4,\"qtn_type\":\"tb\",\"ans\":[[\"n\"]]}]','2015-01-14 12:43:34',0,'145.94.194.119','{\"longitude\":4.3782,\"latitude\":52.0186,\"asn\":\"AS1128\",\"offset\":\"2\",\"ip\":\"145.94.194.119\",\"area_code\":\"0\",\"continent_code\":\"EU\",\"dma_code\":\"0\",\"city\":\"Delft\",\"timezone\":\"Europe/Amsterdam\",\"region\":\"Zuid-Holland\",\"country_code\":\"NL\",\"isp\":\"DTO TUDELFT, The Netherlands - AS\",\"country\":\"Netherlands\",\"country_code3\":\"NLD\",\"region_code\":\"11\"}'),(11,2,9,'[{\"qtn_id\":1,\"qtn_type\":\"mcss\",\"ans\":[\"1\"]}]','2015-01-15 14:35:17',0,'117.207.218.221','{\"longitude\":77,\"latitude\":20,\"asn\":\"AS9829\",\"offset\":\"5\",\"ip\":\"117.207.218.221\",\"area_code\":\"0\",\"continent_code\":\"AS\",\"dma_code\":\"0\",\"timezone\":\"Asia/Kolkata\",\"country_code\":\"IN\",\"isp\":\"National Internet Backbone\",\"country\":\"India\",\"country_code3\":\"IND\"}'),(12,5,3,'[{\"qtn_id\":1,\"qtn_type\":\"mcss\",\"ans\":[\"1\"]}]','2015-01-15 17:30:55',0,'83.84.235.163','{\"longitude\":4.3,\"latitude\":52.0833,\"asn\":\"AS9143\",\"offset\":\"2\",\"ip\":\"83.84.235.163\",\"area_code\":\"0\",\"continent_code\":\"EU\",\"dma_code\":\"0\",\"city\":\"Den Haag\",\"timezone\":\"Europe/Amsterdam\",\"region\":\"Zuid-Holland\",\"country_code\":\"NL\",\"isp\":\"Ziggo B.V.\",\"country\":\"Netherlands\",\"country_code3\":\"NLD\",\"region_code\":\"11\"}'),(13,5,10,'[{\"qtn_id\":1,\"qtn_type\":\"mcss\",\"ans\":[\"1\"]}]','2015-01-15 17:55:55',0,'103.248.30.8','{\"longitude\":77,\"latitude\":20,\"asn\":\"AS45194\",\"offset\":\"5\",\"ip\":\"103.248.30.8\",\"area_code\":\"0\",\"continent_code\":\"AS\",\"dma_code\":\"0\",\"timezone\":\"Asia/Kolkata\",\"country_code\":\"IN\",\"isp\":\"Syscon Infoway Pvt. Ltd.\",\"country\":\"India\",\"country_code3\":\"IND\"}'),(14,5,11,'[{\"qtn_id\":1,\"qtn_type\":\"mcss\",\"ans\":[\"2\"]}]','2015-01-15 18:31:02',0,'103.251.49.171','{\"longitude\":72.8258,\"latitude\":18.975,\"asn\":\"AS132497\",\"offset\":\"5\",\"ip\":\"103.251.49.171\",\"area_code\":\"0\",\"continent_code\":\"AS\",\"dma_code\":\"0\",\"city\":\"Mumbai\",\"timezone\":\"Asia/Kolkata\",\"region\":\"Maharashtra\",\"country_code\":\"IN\",\"isp\":\"SMARTLINK BROADBAND SERVICES PVT LTD\",\"country\":\"India\",\"country_code3\":\"IND\",\"region_code\":\"16\"}'),(15,1,11,'[{\"qtn_id\":1,\"qtn_type\":\"mcss\",\"ans\":[\"1\"]},{\"qtn_id\":2,\"qtn_type\":\"mcss\",\"ans\":[\"2\"]},{\"qtn_id\":3,\"qtn_type\":\"mcss\",\"ans\":[\"2\"]},{\"qtn_id\":4,\"qtn_type\":\"tb\",\"ans\":[[\"Kill the bastards.\"]]}]','2015-01-15 18:33:34',0,'103.251.49.171','{\"longitude\":72.8258,\"latitude\":18.975,\"asn\":\"AS132497\",\"offset\":\"5\",\"ip\":\"103.251.49.171\",\"area_code\":\"0\",\"continent_code\":\"AS\",\"dma_code\":\"0\",\"city\":\"Mumbai\",\"timezone\":\"Asia/Kolkata\",\"region\":\"Maharashtra\",\"country_code\":\"IN\",\"isp\":\"SMARTLINK BROADBAND SERVICES PVT LTD\",\"country\":\"India\",\"country_code3\":\"IND\",\"region_code\":\"16\"}'),(16,1,12,'[{\"qtn_id\":1,\"qtn_type\":\"mcss\",\"ans\":[\"1\"]},{\"qtn_id\":2,\"qtn_type\":\"mcss\",\"ans\":[\"1\"]},{\"qtn_id\":3,\"qtn_type\":\"mcss\",\"ans\":[\"2\"]},{\"qtn_id\":4,\"qtn_type\":\"tb\",\"ans\":[[\"Charlie Hebdo cartoons were known to be offensive from a long time before the attacks. Although, being racist/offensive doesn\'t mean he deserved to be attacked or killed either.\"]]}]','2015-01-16 03:28:26',0,'122.170.63.166','{\"longitude\":76.6667,\"latitude\":29.85,\"asn\":\"AS24560\",\"offset\":\"5\",\"ip\":\"122.170.63.166\",\"area_code\":\"0\",\"continent_code\":\"AS\",\"dma_code\":\"0\",\"city\":\"Kaul\",\"timezone\":\"Asia/Kolkata\",\"region\":\"Haryana\",\"country_code\":\"IN\",\"isp\":\"Bharti Airtel Ltd., Telemedia Services\",\"country\":\"India\",\"country_code3\":\"IND\",\"region_code\":\"10\"}'),(18,5,1,'[{\"qtn_id\":1,\"qtn_type\":\"mcss\",\"ans\":[\"2\"]}]','2015-01-16 19:06:26',0,'83.84.235.163','{\"longitude\":4.3,\"latitude\":52.0833,\"asn\":\"AS9143\",\"offset\":\"2\",\"ip\":\"83.84.235.163\",\"area_code\":\"0\",\"continent_code\":\"EU\",\"dma_code\":\"0\",\"city\":\"Den Haag\",\"timezone\":\"Europe/Amsterdam\",\"region\":\"Zuid-Holland\",\"country_code\":\"NL\",\"isp\":\"Ziggo B.V.\",\"country\":\"Netherlands\",\"country_code3\":\"NLD\",\"region_code\":\"11\"}'),(19,2,1,'[{\"qtn_id\":1,\"qtn_type\":\"mcss\",\"ans\":[\"1\"]}]','2015-01-16 19:11:52',0,'83.84.235.163','{\"longitude\":4.3,\"latitude\":52.0833,\"asn\":\"AS9143\",\"offset\":\"2\",\"ip\":\"83.84.235.163\",\"area_code\":\"0\",\"continent_code\":\"EU\",\"dma_code\":\"0\",\"city\":\"Den Haag\",\"timezone\":\"Europe/Amsterdam\",\"region\":\"Zuid-Holland\",\"country_code\":\"NL\",\"isp\":\"Ziggo B.V.\",\"country\":\"Netherlands\",\"country_code3\":\"NLD\",\"region_code\":\"11\"}'),(20,3,1,'[{\"qtn_id\":1,\"qtn_type\":\"mcss\",\"ans\":[\"4\"]},{\"qtn_id\":2,\"qtn_type\":\"mcss\",\"ans\":[\"2\"]},{\"qtn_id\":3,\"qtn_type\":\"mcss\",\"ans\":[\"1\"]},{\"qtn_id\":4,\"qtn_type\":\"mcss\",\"ans\":[\"3\"]},{\"qtn_id\":5,\"qtn_type\":\"tb\",\"ans\":[[\"Few of his endeavors have surely made a change in society\"]]}]','2015-01-16 19:13:30',0,'83.84.235.163','{\"longitude\":4.3,\"latitude\":52.0833,\"asn\":\"AS9143\",\"offset\":\"2\",\"ip\":\"83.84.235.163\",\"area_code\":\"0\",\"continent_code\":\"EU\",\"dma_code\":\"0\",\"city\":\"Den Haag\",\"timezone\":\"Europe/Amsterdam\",\"region\":\"Zuid-Holland\",\"country_code\":\"NL\",\"isp\":\"Ziggo B.V.\",\"country\":\"Netherlands\",\"country_code3\":\"NLD\",\"region_code\":\"11\"}'),(21,5,14,'[{\"qtn_id\":1,\"qtn_type\":\"mcss\",\"ans\":[\"2\"]}]','2015-01-16 19:23:02',0,'1.39.1.195','{\"longitude\":72.8258,\"latitude\":18.975,\"asn\":\"AS38266\",\"offset\":\"5\",\"ip\":\"1.39.1.195\",\"area_code\":\"0\",\"continent_code\":\"AS\",\"dma_code\":\"0\",\"city\":\"Mumbai\",\"timezone\":\"Asia/Kolkata\",\"region\":\"Maharashtra\",\"country_code\":\"IN\",\"isp\":\"Vodafone Essar Ltd., Telecommunication - Value Added Services\",\"country\":\"India\",\"country_code3\":\"IND\",\"region_code\":\"16\"}'),(22,3,16,'[{\"qtn_id\":1,\"qtn_type\":\"mcss\",\"ans\":[\"4\"]},{\"qtn_id\":2,\"qtn_type\":\"mcss\",\"ans\":[\"1\"]},{\"qtn_id\":3,\"qtn_type\":\"mcss\",\"ans\":[\"1\"]},{\"qtn_id\":4,\"qtn_type\":\"mcss\",\"ans\":[\"2\"]},{\"qtn_id\":5,\"qtn_type\":\"tb\",\"ans\":[[\"\"]]}]','2015-01-17 08:59:10',0,'114.143.198.2','{\"longitude\":77,\"latitude\":20,\"asn\":\"AS17762\",\"offset\":\"5\",\"ip\":\"114.143.198.2\",\"area_code\":\"0\",\"continent_code\":\"AS\",\"dma_code\":\"0\",\"timezone\":\"Asia/Kolkata\",\"country_code\":\"IN\",\"isp\":\"Tata Teleservices Maharashtra Ltd\",\"country\":\"India\",\"country_code3\":\"IND\"}'),(23,2,3,'[{\"qtn_id\":1,\"qtn_type\":\"mcss\",\"ans\":[\"1\"]}]','2015-01-17 13:01:45',0,'86.94.40.229','{\"longitude\":4.9,\"latitude\":52.3667,\"asn\":\"AS8737\",\"offset\":\"2\",\"ip\":\"86.94.40.229\",\"area_code\":\"0\",\"continent_code\":\"EU\",\"dma_code\":\"0\",\"timezone\":\"Europe/Amsterdam\",\"country_code\":\"NL\",\"isp\":\"Koninklijke KPN N.V.\",\"country\":\"Netherlands\",\"country_code3\":\"NLD\"}'),(24,4,7,'[{\"qtn_id\":1,\"qtn_type\":\"mcss\",\"ans\":[\"5\"]}]','2015-01-19 15:49:27',0,'120.138.126.119','{\"longitude\":77,\"latitude\":20,\"asn\":\"AS45194\",\"offset\":\"5\",\"ip\":\"120.138.126.119\",\"area_code\":\"0\",\"continent_code\":\"AS\",\"dma_code\":\"0\",\"timezone\":\"Asia/Kolkata\",\"country_code\":\"IN\",\"isp\":\"Syscon Infoway Pvt. Ltd.\",\"country\":\"India\",\"country_code3\":\"IND\"}'),(25,4,7,'[{\"qtn_id\":1,\"qtn_type\":\"mcss\",\"ans\":[\"5\"]}]','2015-01-19 15:49:27',0,'120.138.126.119','{\"longitude\":77,\"latitude\":20,\"asn\":\"AS45194\",\"offset\":\"5\",\"ip\":\"120.138.126.119\",\"area_code\":\"0\",\"continent_code\":\"AS\",\"dma_code\":\"0\",\"timezone\":\"Asia/Kolkata\",\"country_code\":\"IN\",\"isp\":\"Syscon Infoway Pvt. Ltd.\",\"country\":\"India\",\"country_code3\":\"IND\"}'),(26,6,3,'[{\"qtn_id\":1,\"qtn_type\":\"mcss\",\"ans\":[\"1\"]}]','2015-01-25 15:29:35',0,'54.148.130.167','{\"longitude\":-119.529,\"latitude\":45.7788,\"asn\":\"AS16509\",\"offset\":\"-7\",\"ip\":\"54.148.130.167\",\"area_code\":\"0\",\"continent_code\":\"NA\",\"dma_code\":\"0\",\"city\":\"Boardman\",\"timezone\":\"America/Los_Angeles\",\"region\":\"Oregon\",\"country_code\":\"US\",\"isp\":\"Amazon.com, Inc.\",\"postal_code\":\"97818\",\"country\":\"United States\",\"country_code3\":\"USA\",\"region_code\":\"OR\"}'),(27,7,3,'[{\"qtn_id\":1,\"qtn_type\":\"moc\",\"ans\":[\"0,2\",\"1,2\",\"2,4\",\"3,1\",\"4,2\"]},{\"qtn_id\":2,\"qtn_type\":\"momc\",\"ans\":[\"0,0\",\"1,0\"]},{\"qtn_id\":3,\"qtn_type\":\"mcms\",\"ans\":[[\"1\",\"2\",\"3\",\"4\"]]}]','2015-01-25 21:00:41',0,'86.94.40.229','{\"longitude\":4.9,\"latitude\":52.3667,\"asn\":\"AS8737\",\"offset\":\"2\",\"ip\":\"86.94.40.229\",\"area_code\":\"0\",\"continent_code\":\"EU\",\"dma_code\":\"0\",\"timezone\":\"Europe/Amsterdam\",\"country_code\":\"NL\",\"isp\":\"Koninklijke KPN N.V.\",\"country\":\"Netherlands\",\"country_code3\":\"NLD\"}'),(28,7,17,'[{\"qtn_id\":1,\"qtn_type\":\"moc\",\"ans\":[\"0,0\",\"1,3\",\"2,2\",\"3,3\",\"4,1\"]},{\"qtn_id\":2,\"qtn_type\":\"momc\",\"ans\":[\"0,1\",\"1,0\"]},{\"qtn_id\":3,\"qtn_type\":\"mcms\",\"ans\":[[\"1\",\"2\",\"4\"]]}]','2015-01-25 21:50:52',0,'86.94.40.229','{\"longitude\":4.9,\"latitude\":52.3667,\"asn\":\"AS8737\",\"offset\":\"2\",\"ip\":\"86.94.40.229\",\"area_code\":\"0\",\"continent_code\":\"EU\",\"dma_code\":\"0\",\"timezone\":\"Europe/Amsterdam\",\"country_code\":\"NL\",\"isp\":\"Koninklijke KPN N.V.\",\"country\":\"Netherlands\",\"country_code3\":\"NLD\"}'),(29,7,19,'[{\"qtn_id\":1,\"qtn_type\":\"moc\",\"ans\":[\"0,0\",\"1,2\",\"2,0\",\"3,0\",\"4,0\"]},{\"qtn_id\":2,\"qtn_type\":\"momc\",\"ans\":[\"0,0\",\"1,0\"]},{\"qtn_id\":3,\"qtn_type\":\"mcms\",\"ans\":[[\"1\",\"2\",\"3\",\"4\"]]}]','2015-01-26 04:37:53',0,'1.39.3.88','{\"longitude\":72.8258,\"latitude\":18.975,\"asn\":\"AS38266\",\"offset\":\"5\",\"ip\":\"1.39.3.88\",\"area_code\":\"0\",\"continent_code\":\"AS\",\"dma_code\":\"0\",\"city\":\"Mumbai\",\"timezone\":\"Asia/Kolkata\",\"region\":\"Maharashtra\",\"country_code\":\"IN\",\"isp\":\"Vodafone Essar Ltd., Telecommunication - Value Added Services\",\"country\":\"India\",\"country_code3\":\"IND\",\"region_code\":\"16\"}'),(30,7,22,'[{\"qtn_id\":1,\"qtn_type\":\"moc\",\"ans\":[\"0,0\",\"1,2\",\"2,2\",\"3,2\",\"4,3\"]},{\"qtn_id\":2,\"qtn_type\":\"momc\",\"ans\":[\"0,2\"]},{\"qtn_id\":3,\"qtn_type\":\"mcms\",\"ans\":[[\"1\",\"4\"]]}]','2015-01-26 06:30:12',0,'120.61.41.97','{\"longitude\":72.8258,\"latitude\":18.975,\"asn\":\"AS17813\",\"offset\":\"5\",\"ip\":\"120.61.41.97\",\"area_code\":\"0\",\"continent_code\":\"AS\",\"dma_code\":\"0\",\"city\":\"Mumbai\",\"timezone\":\"Asia/Kolkata\",\"region\":\"Maharashtra\",\"country_code\":\"IN\",\"isp\":\"Mahanagar Telephone Nigam Ltd.\",\"country\":\"India\",\"country_code3\":\"IND\",\"region_code\":\"16\"}'),(31,7,10,'[{\"qtn_id\":1,\"qtn_type\":\"moc\",\"ans\":[\"0,3\",\"1,3\",\"2,2\",\"3,2\",\"4,3\"]},{\"qtn_id\":2,\"qtn_type\":\"momc\",\"ans\":[\"0,2\",\"1,2\"]},{\"qtn_id\":3,\"qtn_type\":\"mcms\",\"ans\":[[\"1\",\"2\",\"3\",\"4\"]]}]','2015-01-26 07:52:01',0,'122.172.110.0','{\"longitude\":77.5833,\"latitude\":12.9833,\"asn\":\"AS24560\",\"offset\":\"5\",\"ip\":\"122.172.110.0\",\"area_code\":\"0\",\"continent_code\":\"AS\",\"dma_code\":\"0\",\"city\":\"Bangalore\",\"timezone\":\"Asia/Kolkata\",\"region\":\"Karnataka\",\"country_code\":\"IN\",\"isp\":\"Bharti Airtel Ltd., Telemedia Services\",\"country\":\"India\",\"country_code3\":\"IND\",\"region_code\":\"19\"}'),(32,7,23,'[{\"qtn_id\":1,\"qtn_type\":\"moc\",\"ans\":[\"0,0\",\"1,0\",\"2,2\",\"3,0\",\"4,2\"]},{\"qtn_id\":2,\"qtn_type\":\"momc\",\"ans\":[\"0,1\",\"1,1\"]},{\"qtn_id\":3,\"qtn_type\":\"mcms\",\"ans\":[[\"1\",\"2\",\"3\",\"4\"]]}]','2015-01-26 11:16:11',1,'76.182.14.162','{\"longitude\":-78.7239,\"latitude\":35.7463,\"asn\":\"AS11426\",\"offset\":\"-4\",\"ip\":\"76.182.14.162\",\"area_code\":\"0\",\"continent_code\":\"NA\",\"dma_code\":\"0\",\"city\":\"Raleigh\",\"timezone\":\"America/New_York\",\"region\":\"North Carolina\",\"country_code\":\"US\",\"isp\":\"Time Warner Cable Internet LLC\",\"postal_code\":\"27606\",\"country\":\"United States\",\"country_code3\":\"USA\",\"region_code\":\"NC\"}'),(33,7,24,'[{\"qtn_id\":1,\"qtn_type\":\"moc\",\"ans\":[\"0,2\",\"1,2\",\"2,0\",\"3,0\",\"4,0\"]},{\"qtn_id\":2,\"qtn_type\":\"momc\",\"ans\":[\"0,0\",\"1,0\"]},{\"qtn_id\":3,\"qtn_type\":\"mcms\",\"ans\":[[\"1\",\"2\",\"3\",\"4\"]]}]','2015-01-26 11:22:55',0,'219.90.110.201','{\"longitude\":72.8258,\"latitude\":18.975,\"asn\":\"AS38207\",\"offset\":\"5\",\"ip\":\"219.90.110.201\",\"area_code\":\"0\",\"continent_code\":\"AS\",\"dma_code\":\"0\",\"city\":\"Mumbai\",\"timezone\":\"Asia/Kolkata\",\"region\":\"Maharashtra\",\"country_code\":\"IN\",\"isp\":\"Rajesh Multi Channel Pvt Ltd.\",\"country\":\"India\",\"country_code3\":\"IND\",\"region_code\":\"16\"}'),(34,6,24,'[{\"qtn_id\":1,\"qtn_type\":\"mcss\",\"ans\":[\"2\"]}]','2015-01-26 11:33:18',0,'219.90.110.201','{\"longitude\":72.8258,\"latitude\":18.975,\"asn\":\"AS38207\",\"offset\":\"5\",\"ip\":\"219.90.110.201\",\"area_code\":\"0\",\"continent_code\":\"AS\",\"dma_code\":\"0\",\"city\":\"Mumbai\",\"timezone\":\"Asia/Kolkata\",\"region\":\"Maharashtra\",\"country_code\":\"IN\",\"isp\":\"Rajesh Multi Channel Pvt Ltd.\",\"country\":\"India\",\"country_code3\":\"IND\",\"region_code\":\"16\"}'),(35,2,24,'[{\"qtn_id\":1,\"qtn_type\":\"mcss\",\"ans\":[\"2\"]}]','2015-01-26 11:33:59',0,'219.90.110.201','{\"longitude\":72.8258,\"latitude\":18.975,\"asn\":\"AS38207\",\"offset\":\"5\",\"ip\":\"219.90.110.201\",\"area_code\":\"0\",\"continent_code\":\"AS\",\"dma_code\":\"0\",\"city\":\"Mumbai\",\"timezone\":\"Asia/Kolkata\",\"region\":\"Maharashtra\",\"country_code\":\"IN\",\"isp\":\"Rajesh Multi Channel Pvt Ltd.\",\"country\":\"India\",\"country_code3\":\"IND\",\"region_code\":\"16\"}'),(36,3,24,'[{\"qtn_id\":1,\"qtn_type\":\"mcss\",\"ans\":[\"5\"]},{\"qtn_id\":2,\"qtn_type\":\"mcss\",\"ans\":[\"3\"]},{\"qtn_id\":3,\"qtn_type\":\"mcss\",\"ans\":[\"1\"]},{\"qtn_id\":4,\"qtn_type\":\"mcss\",\"ans\":[\"2\"]},{\"qtn_id\":5,\"qtn_type\":\"tb\",\"ans\":[[\"We needed a leader for some time who would take our country to heights. We have one now.\"]]}]','2015-01-26 11:35:31',0,'219.90.110.201','{\"longitude\":72.8258,\"latitude\":18.975,\"asn\":\"AS38207\",\"offset\":\"5\",\"ip\":\"219.90.110.201\",\"area_code\":\"0\",\"continent_code\":\"AS\",\"dma_code\":\"0\",\"city\":\"Mumbai\",\"timezone\":\"Asia/Kolkata\",\"region\":\"Maharashtra\",\"country_code\":\"IN\",\"isp\":\"Rajesh Multi Channel Pvt Ltd.\",\"country\":\"India\",\"country_code3\":\"IND\",\"region_code\":\"16\"}'),(37,7,5,'[{\"qtn_id\":1,\"qtn_type\":\"moc\",\"ans\":[\"0,1\",\"1,0\",\"2,2\",\"3,3\",\"4,3\"]},{\"qtn_id\":2,\"qtn_type\":\"momc\",\"ans\":[\"0,1\",\"1,0\"]},{\"qtn_id\":3,\"qtn_type\":\"mcms\",\"ans\":[[\"1\",\"4\"]]}]','2015-01-26 15:35:49',0,'117.204.174.203','{\"longitude\":72.9667,\"latitude\":19.2,\"asn\":\"AS9829\",\"offset\":\"5\",\"ip\":\"117.204.174.203\",\"area_code\":\"0\",\"continent_code\":\"AS\",\"dma_code\":\"0\",\"city\":\"Thane\",\"timezone\":\"Asia/Kolkata\",\"region\":\"Maharashtra\",\"country_code\":\"IN\",\"isp\":\"National Internet Backbone\",\"postal_code\":\"401603\",\"country\":\"India\",\"country_code3\":\"IND\",\"region_code\":\"16\"}'),(38,7,7,'[{\"qtn_id\":1,\"qtn_type\":\"moc\",\"ans\":[\"0,4\",\"1,4\",\"2,3\",\"3,1\",\"4,4\"]},{\"qtn_id\":2,\"qtn_type\":\"momc\",\"ans\":[\"0,2\",\"1,2\"]},{\"qtn_id\":3,\"qtn_type\":\"mcms\",\"ans\":[[\"1\",\"2\",\"4\"]]}]','2015-01-26 18:10:23',0,'103.230.150.190','{\"longitude\":77,\"latitude\":20,\"asn\":\"AS45194\",\"offset\":\"5\",\"ip\":\"103.230.150.190\",\"area_code\":\"0\",\"continent_code\":\"AS\",\"dma_code\":\"0\",\"timezone\":\"Asia/Kolkata\",\"country_code\":\"IN\",\"isp\":\"Syscon Infoway Pvt. Ltd.\",\"country\":\"India\",\"country_code3\":\"IND\"}'),(39,7,6,'[{\"qtn_id\":1,\"qtn_type\":\"moc\",\"ans\":[\"0,1\",\"1,1\",\"2,1\",\"3,0\",\"4,1\"]},{\"qtn_id\":2,\"qtn_type\":\"momc\",\"ans\":[\"0,0\",\"1,1\"]},{\"qtn_id\":3,\"qtn_type\":\"mcms\",\"ans\":[[\"1\",\"2\",\"3\"]]}]','2015-01-26 18:13:23',0,'117.222.37.172','{\"longitude\":72.8258,\"latitude\":18.975,\"asn\":\"AS9829\",\"offset\":\"5\",\"ip\":\"117.222.37.172\",\"area_code\":\"0\",\"continent_code\":\"AS\",\"dma_code\":\"0\",\"city\":\"Mumbai\",\"timezone\":\"Asia/Kolkata\",\"region\":\"Maharashtra\",\"country_code\":\"IN\",\"isp\":\"National Internet Backbone\",\"country\":\"India\",\"country_code3\":\"IND\",\"region_code\":\"16\"}'),(40,7,27,'[{\"qtn_id\":1,\"qtn_type\":\"moc\",\"ans\":[\"0,4\",\"1,4\",\"2,1\",\"3,1\",\"4,1\"]},{\"qtn_id\":2,\"qtn_type\":\"momc\",\"ans\":[\"0,1\",\"1,0\"]},{\"qtn_id\":3,\"qtn_type\":\"mcms\",\"ans\":[[\"1\",\"3\",\"4\"]]}]','2015-01-26 18:31:51',0,'182.237.174.99','{\"longitude\":72.8258,\"latitude\":18.975,\"asn\":\"AS24554\",\"offset\":\"5\",\"ip\":\"182.237.174.99\",\"area_code\":\"0\",\"continent_code\":\"AS\",\"dma_code\":\"0\",\"city\":\"Mumbai\",\"timezone\":\"Asia/Kolkata\",\"region\":\"Maharashtra\",\"country_code\":\"IN\",\"isp\":\"Fivenetwork Solution India Pvt Ltd Internet\",\"postal_code\":\"410210\",\"country\":\"India\",\"country_code3\":\"IND\",\"region_code\":\"16\"}'),(41,7,28,'[{\"qtn_id\":1,\"qtn_type\":\"moc\",\"ans\":[\"0,0\",\"1,2\",\"2,0\",\"3,0\",\"4,1\"]},{\"qtn_id\":2,\"qtn_type\":\"momc\",\"ans\":[\"0,0\",\"1,1\"]},{\"qtn_id\":3,\"qtn_type\":\"mcms\",\"ans\":[[\"1\",\"2\",\"3\",\"4\"]]}]','2015-01-26 21:27:50',0,'145.107.9.102','{\"longitude\":4.3782,\"latitude\":52.0186,\"asn\":\"AS1103\",\"offset\":\"2\",\"ip\":\"145.107.9.102\",\"area_code\":\"0\",\"continent_code\":\"EU\",\"dma_code\":\"0\",\"city\":\"Delft\",\"timezone\":\"Europe/Amsterdam\",\"region\":\"Zuid-Holland\",\"country_code\":\"NL\",\"isp\":\"SURFnet, The Netherlands\",\"country\":\"Netherlands\",\"country_code3\":\"NLD\",\"region_code\":\"11\"}'),(42,7,29,'[{\"qtn_id\":1,\"qtn_type\":\"moc\",\"ans\":[\"0,2\",\"1,3\",\"2,1\",\"3,1\",\"4,1\"]},{\"qtn_id\":2,\"qtn_type\":\"momc\",\"ans\":[\"0,0\",\"1,1\"]},{\"qtn_id\":3,\"qtn_type\":\"mcms\",\"ans\":[[\"1\",\"2\",\"3\",\"4\"]]}]','2015-01-26 21:34:07',1,'145.107.9.97','{\"longitude\":4.3782,\"latitude\":52.0186,\"asn\":\"AS1103\",\"offset\":\"2\",\"ip\":\"145.107.9.97\",\"area_code\":\"0\",\"continent_code\":\"EU\",\"dma_code\":\"0\",\"city\":\"Delft\",\"timezone\":\"Europe/Amsterdam\",\"region\":\"Zuid-Holland\",\"country_code\":\"NL\",\"isp\":\"SURFnet, The Netherlands\",\"country\":\"Netherlands\",\"country_code3\":\"NLD\",\"region_code\":\"11\"}'),(43,7,30,'[{\"qtn_id\":1,\"qtn_type\":\"moc\",\"ans\":[\"0,1\",\"1,1\",\"2,1\",\"3,2\",\"4,1\"]},{\"qtn_id\":2,\"qtn_type\":\"momc\",\"ans\":[\"0,1\",\"1,1\"]},{\"qtn_id\":3,\"qtn_type\":\"mcms\",\"ans\":[[\"1\",\"2\",\"3\",\"4\"]]}]','2015-01-26 21:56:00',0,'80.112.182.239','{\"longitude\":4.9,\"latitude\":52.3667,\"asn\":\"AS9143\",\"offset\":\"2\",\"ip\":\"80.112.182.239\",\"area_code\":\"0\",\"continent_code\":\"EU\",\"dma_code\":\"0\",\"timezone\":\"Europe/Amsterdam\",\"country_code\":\"NL\",\"isp\":\"Ziggo B.V.\",\"country\":\"Netherlands\",\"country_code3\":\"NLD\"}'),(44,7,1,'[{\"qtn_id\":1,\"qtn_type\":\"moc\",\"ans\":[\"0,3\",\"1,2\",\"2,4\",\"3,2\",\"4,3\"]},{\"qtn_id\":2,\"qtn_type\":\"momc\",\"ans\":[\"0,2\",\"1,2\"]},{\"qtn_id\":3,\"qtn_type\":\"mcms\",\"ans\":[[\"1\",\"2\"]]}]','2015-01-27 00:06:27',0,'80.112.158.93','{\"longitude\":4.3782,\"latitude\":52.0186,\"asn\":\"AS9143\",\"offset\":\"2\",\"ip\":\"80.112.158.93\",\"area_code\":\"0\",\"continent_code\":\"EU\",\"dma_code\":\"0\",\"city\":\"Delft\",\"timezone\":\"Europe/Amsterdam\",\"region\":\"Zuid-Holland\",\"country_code\":\"NL\",\"isp\":\"Ziggo B.V.\",\"country\":\"Netherlands\",\"country_code3\":\"NLD\",\"region_code\":\"11\"}'),(45,7,31,'[{\"qtn_id\":1,\"qtn_type\":\"moc\",\"ans\":[\"0,2\",\"1,3\",\"2,3\",\"3,2\",\"4,2\"]},{\"qtn_id\":2,\"qtn_type\":\"momc\",\"ans\":[\"0,0\",\"1,0\"]},{\"qtn_id\":3,\"qtn_type\":\"mcms\",\"ans\":[[\"1\",\"2\",\"3\",\"4\"]]}]','2015-01-27 08:19:39',0,'114.143.198.2','{\"longitude\":77,\"latitude\":20,\"asn\":\"AS17762\",\"offset\":\"5\",\"ip\":\"114.143.198.2\",\"area_code\":\"0\",\"continent_code\":\"AS\",\"dma_code\":\"0\",\"timezone\":\"Asia/Kolkata\",\"country_code\":\"IN\",\"isp\":\"Tata Teleservices Maharashtra Ltd\",\"country\":\"India\",\"country_code3\":\"IND\"}'),(46,7,32,'[{\"qtn_id\":1,\"qtn_type\":\"moc\",\"ans\":[\"0,4\",\"1,0\",\"2,3\",\"3,2\",\"4,2\"]},{\"qtn_id\":2,\"qtn_type\":\"momc\",\"ans\":[\"0,0\",\"1,0\"]},{\"qtn_id\":3,\"qtn_type\":\"mcms\",\"ans\":[[\"1\",\"2\",\"3\",\"4\"]]}]','2015-01-27 09:12:44',0,'114.143.198.2','{\"longitude\":77,\"latitude\":20,\"asn\":\"AS17762\",\"offset\":\"5\",\"ip\":\"114.143.198.2\",\"area_code\":\"0\",\"continent_code\":\"AS\",\"dma_code\":\"0\",\"timezone\":\"Asia/Kolkata\",\"country_code\":\"IN\",\"isp\":\"Tata Teleservices Maharashtra Ltd\",\"country\":\"India\",\"country_code3\":\"IND\"}'),(47,7,33,'[{\"qtn_id\":1,\"qtn_type\":\"moc\",\"ans\":[\"0,3\",\"1,2\",\"2,1\",\"3,0\",\"4,1\"]},{\"qtn_id\":2,\"qtn_type\":\"momc\",\"ans\":[\"0,0\",\"1,1\"]},{\"qtn_id\":3,\"qtn_type\":\"mcms\",\"ans\":[[\"1\",\"2\",\"3\"]]}]','2015-01-27 12:03:36',0,'203.212.24.123','{\"longitude\":72.8258,\"latitude\":18.975,\"asn\":\"AS45243\",\"offset\":\"5\",\"ip\":\"203.212.24.123\",\"area_code\":\"0\",\"continent_code\":\"AS\",\"dma_code\":\"0\",\"city\":\"Mumbai\",\"timezone\":\"Asia/Kolkata\",\"region\":\"Maharashtra\",\"country_code\":\"IN\",\"isp\":\"F/X Wireless Technology Solutions Pvt. Ltd.\",\"postal_code\":\"400050\",\"country\":\"India\",\"country_code3\":\"IND\",\"region_code\":\"16\"}'),(48,7,34,'[{\"qtn_id\":1,\"qtn_type\":\"moc\",\"ans\":[\"0,0\",\"1,1\",\"2,0\",\"3,0\",\"4,0\"]},{\"qtn_id\":2,\"qtn_type\":\"momc\",\"ans\":[\"0,1\",\"1,0\"]},{\"qtn_id\":3,\"qtn_type\":\"mcms\",\"ans\":[null]}]','2015-01-27 13:59:10',0,'46.189.66.58','{\"longitude\":9,\"latitude\":51,\"asn\":\"AS8881\",\"offset\":\"2\",\"ip\":\"46.189.66.58\",\"area_code\":\"0\",\"continent_code\":\"EU\",\"dma_code\":\"0\",\"timezone\":\"Europe/Berlin\",\"country_code\":\"DE\",\"isp\":\"Versatel Deutschland GmbH\",\"country\":\"Germany\",\"country_code3\":\"DEU\"}'),(49,7,36,'[{\"qtn_id\":1,\"qtn_type\":\"moc\",\"ans\":[\"0,3\",\"1,3\",\"2,3\",\"3,1\",\"4,1\"]},{\"qtn_id\":2,\"qtn_type\":\"momc\",\"ans\":[\"0,0\",\"1,0\"]},{\"qtn_id\":3,\"qtn_type\":\"mcms\",\"ans\":[[\"2\",\"3\",\"4\"]]}]','2015-01-27 15:06:39',0,'2604:2000:c6e5:600:7074:7bd0:288:8ce1','{\"longitude\":-97,\"latitude\":38,\"asn\":\"AS12271\",\"ip\":\"2604:2000:c6e5:600:7074:7bd0:288:8ce1\",\"area_code\":\"0\",\"continent_code\":\"NA\",\"dma_code\":\"0\",\"country_code\":\"US\",\"isp\":\"Time Warner Cable Internet LLC\",\"country\":\"United States\",\"country_code3\":\"USA\"}'),(50,7,37,'[{\"qtn_id\":1,\"qtn_type\":\"moc\",\"ans\":[\"0,0\",\"1,2\",\"2,1\",\"3,3\",\"4,3\"]},{\"qtn_id\":2,\"qtn_type\":\"momc\",\"ans\":[\"0,1\",\"1,1\"]},{\"qtn_id\":3,\"qtn_type\":\"mcms\",\"ans\":[[\"1\",\"4\"]]}]','2015-01-27 16:32:46',0,'111.91.98.123','{\"longitude\":77,\"latitude\":20,\"asn\":\"AS38457\",\"offset\":\"5\",\"ip\":\"111.91.98.123\",\"area_code\":\"0\",\"continent_code\":\"AS\",\"dma_code\":\"0\",\"timezone\":\"Asia/Kolkata\",\"country_code\":\"IN\",\"isp\":\"Honesty Net Solution (I) Pvt Ltd\",\"country\":\"India\",\"country_code3\":\"IND\"}'),(51,6,6,'[{\"qtn_id\":1,\"qtn_type\":\"mcss\",\"ans\":[\"2\"]}]','2015-01-27 18:44:20',0,'117.207.216.91','{\"longitude\":73.15,\"latitude\":19.2167,\"asn\":\"AS9829\",\"offset\":\"5\",\"ip\":\"117.207.216.91\",\"area_code\":\"0\",\"continent_code\":\"AS\",\"dma_code\":\"0\",\"city\":\"Ulhasnagar\",\"timezone\":\"Asia/Kolkata\",\"region\":\"Maharashtra\",\"country_code\":\"IN\",\"isp\":\"National Internet Backbone\",\"country\":\"India\",\"country_code3\":\"IND\",\"region_code\":\"16\"}'),(52,7,39,'[{\"qtn_id\":1,\"qtn_type\":\"moc\",\"ans\":[\"0,0\",\"1,3\",\"2,1\",\"3,2\",\"4,2\"]},{\"qtn_id\":2,\"qtn_type\":\"momc\",\"ans\":[\"0,0\",\"1,0\"]},{\"qtn_id\":3,\"qtn_type\":\"mcms\",\"ans\":[[\"1\",\"2\",\"3\",\"4\"]]}]','2015-01-28 03:51:38',0,'117.207.220.163','{\"longitude\":73.15,\"latitude\":19.25,\"asn\":\"AS9829\",\"offset\":\"5\",\"ip\":\"117.207.220.163\",\"area_code\":\"0\",\"continent_code\":\"AS\",\"dma_code\":\"0\",\"city\":\"Kalyan\",\"timezone\":\"Asia/Kolkata\",\"region\":\"Maharashtra\",\"country_code\":\"IN\",\"isp\":\"National Internet Backbone\",\"country\":\"India\",\"country_code3\":\"IND\",\"region_code\":\"16\"}'),(53,6,5,'[{\"qtn_id\":1,\"qtn_type\":\"mcss\",\"ans\":[\"1\"]}]','2015-01-28 06:24:30',1,'117.222.35.19','{\"longitude\":73.15,\"latitude\":19.2167,\"asn\":\"AS9829\",\"offset\":\"5\",\"ip\":\"117.222.35.19\",\"area_code\":\"0\",\"continent_code\":\"AS\",\"dma_code\":\"0\",\"city\":\"Ulhasnagar\",\"timezone\":\"Asia/Kolkata\",\"region\":\"Maharashtra\",\"country_code\":\"IN\",\"isp\":\"National Internet Backbone\",\"country\":\"India\",\"country_code3\":\"IND\",\"region_code\":\"16\"}'),(54,7,40,'[{\"qtn_id\":1,\"qtn_type\":\"moc\",\"ans\":[\"0,3\",\"1,3\",\"2,3\",\"3,3\",\"4,4\"]},{\"qtn_id\":2,\"qtn_type\":\"momc\",\"ans\":[\"0,0\",\"1,0\"]},{\"qtn_id\":3,\"qtn_type\":\"mcms\",\"ans\":[[\"1\",\"2\"]]}]','2015-01-29 12:52:52',0,'59.183.0.100','{\"longitude\":72.8258,\"latitude\":18.975,\"asn\":\"AS17813\",\"offset\":\"5\",\"ip\":\"59.183.0.100\",\"area_code\":\"0\",\"continent_code\":\"AS\",\"dma_code\":\"0\",\"city\":\"Mumbai\",\"timezone\":\"Asia/Kolkata\",\"region\":\"Maharashtra\",\"country_code\":\"IN\",\"isp\":\"Mahanagar Telephone Nigam Ltd.\",\"country\":\"India\",\"country_code3\":\"IND\",\"region_code\":\"16\"}'),(55,3,40,'[{\"qtn_id\":1,\"qtn_type\":\"mcss\",\"ans\":[\"4\"]},{\"qtn_id\":2,\"qtn_type\":\"mcss\",\"ans\":[\"3\"]},{\"qtn_id\":3,\"qtn_type\":\"mcss\",\"ans\":[\"3\"]},{\"qtn_id\":4,\"qtn_type\":\"mcss\",\"ans\":[\"2\"]},{\"qtn_id\":5,\"qtn_type\":\"tb\",\"ans\":[[\"\"]]}]','2015-01-28 17:05:39',0,'59.183.0.100','{\"longitude\":72.8258,\"latitude\":18.975,\"asn\":\"AS17813\",\"offset\":\"5\",\"ip\":\"59.183.0.100\",\"area_code\":\"0\",\"continent_code\":\"AS\",\"dma_code\":\"0\",\"city\":\"Mumbai\",\"timezone\":\"Asia/Kolkata\",\"region\":\"Maharashtra\",\"country_code\":\"IN\",\"isp\":\"Mahanagar Telephone Nigam Ltd.\",\"country\":\"India\",\"country_code3\":\"IND\",\"region_code\":\"16\"}'),(63,7,17,'[{\"qtn_id\":1,\"qtn_type\":\"moc\",\"ans\":[\"0,2\",\"1,2\",\"2,4\",\"3,1\",\"4,2\"]},{\"qtn_id\":2,\"qtn_type\":\"momc\",\"ans\":[\"0,0\",\"1,0\"]},{\"qtn_id\":3,\"qtn_type\":\"mcms\",\"ans\":[[\"1\",\"2\",\"3\",\"4\"]]}]','2015-01-25 21:00:41',0,'86.94.40.229','{\"longitude\":4.9,\"latitude\":52.3667,\"asn\":\"AS8737\",\"offset\":\"2\",\"ip\":\"86.94.40.229\",\"area_code\":\"0\",\"continent_code\":\"EU\",\"dma_code\":\"0\",\"timezone\":\"Europe/Amsterdam\",\"country_code\":\"NL\",\"isp\":\"Koninklijke KPN N.V.\",\"country\":\"Netherlands\",\"country_code3\":\"NLD\"}'),(64,7,18,'[{\"qtn_id\":1,\"qtn_type\":\"moc\",\"ans\":[\"0,0\",\"1,3\",\"2,2\",\"3,3\",\"4,1\"]},{\"qtn_id\":2,\"qtn_type\":\"momc\",\"ans\":[\"0,1\",\"1,0\"]},{\"qtn_id\":3,\"qtn_type\":\"mcms\",\"ans\":[[\"1\",\"2\",\"4\"]]}]','2015-01-25 21:50:52',0,'86.94.40.229','{\"longitude\":4.9,\"latitude\":52.3667,\"asn\":\"AS8737\",\"offset\":\"2\",\"ip\":\"86.94.40.229\",\"area_code\":\"0\",\"continent_code\":\"EU\",\"dma_code\":\"0\",\"timezone\":\"Europe/Amsterdam\",\"country_code\":\"NL\",\"isp\":\"Koninklijke KPN N.V.\",\"country\":\"Netherlands\",\"country_code3...'),(65,7,20,'[{\"qtn_id\":1,\"qtn_type\":\"moc\",\"ans\":[\"0,0\",\"1,2\",\"2,0\",\"3,0\",\"4,0\"]},{\"qtn_id\":2,\"qtn_type\":\"momc\",\"ans\":[\"0,0\",\"1,0\"]},{\"qtn_id\":3,\"qtn_type\":\"mcms\",\"ans\":[[\"1\",\"2\",\"3\",\"4\"]]}]','2015-01-26 04:37:53',0,'1.39.3.88','{\"longitude\":72.8258,\"latitude\":18.975,\"asn\":\"AS38266\",\"offset\":\"5\",\"ip\":\"1.39.3.88\",\"area_code\":\"0\",\"continent_code\":\"AS\",\"dma_code\":\"0\",\"city\":\"Mumbai\",\"timezone\":\"Asia/Kolkata\",\"region\":\"Maharashtra\",\"country_code\":\"IN\",\"isp\":\"Vodafone Essar Ltd., Telecommunication - Value Added Services\",\"country\":\"India\",\"country_code3\":\"IND\",\"region_code\":\"16\"}'),(66,7,23,'[{\"qtn_id\":1,\"qtn_type\":\"moc\",\"ans\":[\"0,0\",\"1,2\",\"2,2\",\"3,2\",\"4,3\"]},{\"qtn_id\":2,\"qtn_type\":\"momc\",\"ans\":[\"0,2\"]},{\"qtn_id\":3,\"qtn_type\":\"mcms\",\"ans\":[[\"1\",\"4\"]]}]','2015-01-26 06:30:12',0,'120.61.41.97','{\"longitude\":72.8258,\"latitude\":18.975,\"asn\":\"AS17813\",\"offset\":\"5\",\"ip\":\"120.61.41.97\",\"area_code\":\"0\",\"continent_code\":\"AS\",\"dma_code\":\"0\",\"city\":\"Mumbai\",\"timezone\":\"Asia/Kolkata\",\"region\":\"Maharashtra\",\"country_code\":\"IN\",\"isp\":\"Mahanagar Telephone Nigam Ltd.\",\"country\":\"India\",\"country_code3\":\"IND\",\"region_code\":\"16\"}'),(67,7,5,'[{\"qtn_id\":1,\"qtn_type\":\"moc\",\"ans\":[\"0,4\",\"1,4\",\"2,3\",\"3,1\",\"4,4\"]},{\"qtn_id\":2,\"qtn_type\":\"momc\",\"ans\":[\"0,2\",\"1,2\"]},{\"qtn_id\":3,\"qtn_type\":\"mcms\",\"ans\":[[\"1\",\"2\",\"4\"]]}]','2015-01-26 18:10:23',0,'103.230.150.190','{\"longitude\":77,\"latitude\":20,\"asn\":\"AS45194\",\"offset\":\"5\",\"ip\":\"103.230.150.190\",\"area_code\":\"0\",\"continent_code\":\"AS\",\"dma_code\":\"0\",\"timezone\":\"Asia/Kolkata\",\"country_code\":\"IN\",\"isp\":\"Syscon Infoway Pvt. Ltd.\",\"country\":\"India\",\"country_code3\":\"IND\"}'),(68,7,8,'[{\"qtn_id\":1,\"qtn_type\":\"moc\",\"ans\":[\"0,1\",\"1,1\",\"2,1\",\"3,2\",\"4,1\"]},{\"qtn_id\":2,\"qtn_type\":\"momc\",\"ans\":[\"0,1\",\"1,1\"]},{\"qtn_id\":3,\"qtn_type\":\"mcms\",\"ans\":[[\"1\",\"2\",\"3\",\"4\"]]}]','2015-01-26 21:56:00',0,'80.112.182.239','{\"longitude\":4.9,\"latitude\":52.3667,\"asn\":\"AS9143\",\"offset\":\"2\",\"ip\":\"80.112.182.239\",\"area_code\":\"0\",\"continent_code\":\"EU\",\"dma_code\":\"0\",\"timezone\":\"Europe/Amsterdam\",\"country_code\":\"NL\",\"isp\":\"Ziggo B.V.\",\"country\":\"Netherlands\",\"country_code3\":\"NLD\"}'),(69,7,11,'[{\"qtn_id\":1,\"qtn_type\":\"moc\",\"ans\":[\"0,3\",\"1,3\",\"2,2\",\"3,2\",\"4,3\"]},{\"qtn_id\":2,\"qtn_type\":\"momc\",\"ans\":[\"0,2\",\"1,2\"]},{\"qtn_id\":3,\"qtn_type\":\"mcms\",\"ans\":[[\"1\",\"2\",\"3\",\"4\"]]}]','2015-01-26 07:52:01',0,'122.172.110.0','{\"longitude\":77.5833,\"latitude\":12.9833,\"asn\":\"AS24560\",\"offset\":\"5\",\"ip\":\"122.172.110.0\",\"area_code\":\"0\",\"continent_code\":\"AS\",\"dma_code\":\"0\",\"city\":\"Bangalore\",\"timezone\":\"Asia/Kolkata\",\"region\":\"Karnataka\",\"country_code\":\"IN\",\"isp\":\"Bharti Airtel Ltd., Telemedia Services\",\"country\":\"India\",\"country_code3\":\"IND\",\"region_code\":\"19\"}'),(70,7,14,'[{\"qtn_id\":1,\"qtn_type\":\"moc\",\"ans\":[\"0,3\",\"1,3\",\"2,3\",\"3,1\",\"4,1\"]},{\"qtn_id\":2,\"qtn_type\":\"momc\",\"ans\":[\"0,0\",\"1,0\"]},{\"qtn_id\":3,\"qtn_type\":\"mcms\",\"ans\":[[\"2\",\"3\",\"4\"]]}]','2015-01-27 15:06:39',0,'2604:2000:c6e5:600:7074:7bd0:288:8ce1','{\"longitude\":-97,\"latitude\":38,\"asn\":\"AS12271\",\"ip\":\"2604:2000:c6e5:600:7074:7bd0:288:8ce1\",\"area_code\":\"0\",\"continent_code\":\"NA\",\"dma_code\":\"0\",\"country_code\":\"US\",\"isp\":\"Time Warner Cable Internet LLC\",\"country\":\"United States\",\"country_code3\":\"USA\"}'),(71,7,18,'[{\"qtn_id\":1,\"qtn_type\":\"moc\",\"ans\":[\"0,0\",\"1,3\",\"2,1\",\"3,2\",\"4,2\"]},{\"qtn_id\":2,\"qtn_type\":\"momc\",\"ans\":[\"0,0\",\"1,0\"]},{\"qtn_id\":3,\"qtn_type\":\"mcms\",\"ans\":[[\"1\",\"2\",\"3\",\"4\"]]}]','2015-01-28 03:51:38',0,'117.207.220.163','{\"longitude\":73.15,\"latitude\":19.25,\"asn\":\"AS9829\",\"offset\":\"5\",\"ip\":\"117.207.220.163\",\"area_code\":\"0\",\"continent_code\":\"AS\",\"dma_code\":\"0\",\"city\":\"Kalyan\",\"timezone\":\"Asia/Kolkata\",\"region\":\"Maharashtra\",\"country_code\":\"IN\",\"isp\":\"National Internet Backbone\",\"country\":\"India\",\"country_code3\":\"IND\",\"region_code\":\"16\"}'),(72,7,21,'[{\"qtn_id\":1,\"qtn_type\":\"moc\",\"ans\":[\"0,0\",\"1,2\",\"2,0\",\"3,0\",\"4,0\"]},{\"qtn_id\":2,\"qtn_type\":\"momc\",\"ans\":[\"0,0\",\"1,0\"]},{\"qtn_id\":3,\"qtn_type\":\"mcms\",\"ans\":[[\"1\",\"2\",\"3\",\"4\"]]}]','2015-01-26 04:37:53',0,'1.39.3.88','{\"longitude\":72.8258,\"latitude\":18.975,\"asn\":\"AS38266\",\"offset\":\"5\",\"ip\":\"1.39.3.88\",\"area_code\":\"0\",\"continent_code\":\"AS\",\"dma_code\":\"0\",\"city\":\"Mumbai\",\"timezone\":\"Asia/Kolkata\",\"region\":\"Maharashtra\",\"country_code\":\"IN\",\"isp\":\"Vodafone Essar Ltd., Telecommunication - Value Added Services\",\"country\":\"India\",\"country_code3\":\"IND\",\"region_code\":\"16\"}'),(73,7,3,'[{\"qtn_id\":1,\"qtn_type\":\"moc\",\"ans\":[\"0,0\",\"1,2\",\"2,2\",\"3,2\",\"4,3\"]},{\"qtn_id\":2,\"qtn_type\":\"momc\",\"ans\":[\"0,2\"]},{\"qtn_id\":3,\"qtn_type\":\"mcms\",\"ans\":[[\"1\",\"4\"]]}]','2015-01-26 06:30:12',0,'120.61.41.97','{\"longitude\":72.8258,\"latitude\":18.975,\"asn\":\"AS17813\",\"offset\":\"5\",\"ip\":\"120.61.41.97\",\"area_code\":\"0\",\"continent_code\":\"AS\",\"dma_code\":\"0\",\"city\":\"Mumbai\",\"timezone\":\"Asia/Kolkata\",\"region\":\"Maharashtra\",\"country_code\":\"IN\",\"isp\":\"Mahanagar Telephone Nigam Ltd.\",\"country\":\"India\",\"country_code3\":\"IND\",\"region_code\":\"16\"}'),(74,7,6,'[{\"qtn_id\":1,\"qtn_type\":\"moc\",\"ans\":[\"0,4\",\"1,4\",\"2,3\",\"3,1\",\"4,4\"]},{\"qtn_id\":2,\"qtn_type\":\"momc\",\"ans\":[\"0,2\",\"1,2\"]},{\"qtn_id\":3,\"qtn_type\":\"mcms\",\"ans\":[[\"1\",\"2\",\"4\"]]}]','2015-01-26 18:10:23',0,'103.230.150.190','{\"longitude\":77,\"latitude\":20,\"asn\":\"AS45194\",\"offset\":\"5\",\"ip\":\"103.230.150.190\",\"area_code\":\"0\",\"continent_code\":\"AS\",\"dma_code\":\"0\",\"timezone\":\"Asia/Kolkata\",\"country_code\":\"IN\",\"isp\":\"Syscon Infoway Pvt. Ltd.\",\"country\":\"India\",\"country_code3\":\"IND\"}'),(75,7,9,'[{\"qtn_id\":1,\"qtn_type\":\"moc\",\"ans\":[\"0,1\",\"1,1\",\"2,1\",\"3,2\",\"4,1\"]},{\"qtn_id\":2,\"qtn_type\":\"momc\",\"ans\":[\"0,1\",\"1,1\"]},{\"qtn_id\":3,\"qtn_type\":\"mcms\",\"ans\":[[\"1\",\"2\",\"3\",\"4\"]]}]','2015-01-26 21:56:00',0,'80.112.182.239','{\"longitude\":4.9,\"latitude\":52.3667,\"asn\":\"AS9143\",\"offset\":\"2\",\"ip\":\"80.112.182.239\",\"area_code\":\"0\",\"continent_code\":\"EU\",\"dma_code\":\"0\",\"timezone\":\"Europe/Amsterdam\",\"country_code\":\"NL\",\"isp\":\"Ziggo B.V.\",\"country\":\"Netherlands\",\"country_code3\":\"NLD\"}'),(76,7,20,'[{\"qtn_id\":1,\"qtn_type\":\"moc\",\"ans\":[\"0,3\",\"1,3\",\"2,2\",\"3,2\",\"4,3\"]},{\"qtn_id\":2,\"qtn_type\":\"momc\",\"ans\":[\"0,2\",\"1,2\"]},{\"qtn_id\":3,\"qtn_type\":\"mcms\",\"ans\":[[\"1\",\"2\",\"3\",\"4\"]]}]','2015-01-26 07:52:01',0,'122.172.110.0','{\"longitude\":77.5833,\"latitude\":12.9833,\"asn\":\"AS24560\",\"offset\":\"5\",\"ip\":\"122.172.110.0\",\"area_code\":\"0\",\"continent_code\":\"AS\",\"dma_code\":\"0\",\"city\":\"Bangalore\",\"timezone\":\"Asia/Kolkata\",\"region\":\"Karnataka\",\"country_code\":\"IN\",\"isp\":\"Bharti Airtel Ltd., Telemedia Services\",\"country\":\"India\",\"country_code3\":\"IND\",\"region_code\":\"19\"}'),(77,7,15,'[{\"qtn_id\":1,\"qtn_type\":\"moc\",\"ans\":[\"0,3\",\"1,3\",\"2,3\",\"3,1\",\"4,1\"]},{\"qtn_id\":2,\"qtn_type\":\"momc\",\"ans\":[\"0,0\",\"1,0\"]},{\"qtn_id\":3,\"qtn_type\":\"mcms\",\"ans\":[[\"2\",\"3\",\"4\"]]}]','2015-01-27 15:06:39',0,'2604:2000:c6e5:600:7074:7bd0:288:8ce1','{\"longitude\":-97,\"latitude\":38,\"asn\":\"AS12271\",\"ip\":\"2604:2000:c6e5:600:7074:7bd0:288:8ce1\",\"area_code\":\"0\",\"continent_code\":\"NA\",\"dma_code\":\"0\",\"country_code\":\"US\",\"isp\":\"Time Warner Cable Internet LLC\",\"country\":\"United States\",\"country_code3\":\"USA\"}'),(78,7,31,'[{\"qtn_id\":1,\"qtn_type\":\"moc\",\"ans\":[\"0,0\",\"1,3\",\"2,1\",\"3,2\",\"4,2\"]},{\"qtn_id\":2,\"qtn_type\":\"momc\",\"ans\":[\"0,0\",\"1,0\"]},{\"qtn_id\":3,\"qtn_type\":\"mcms\",\"ans\":[[\"1\",\"2\",\"3\",\"4\"]]}]','2015-01-28 03:51:38',0,'117.207.220.163','{\"longitude\":73.15,\"latitude\":19.25,\"asn\":\"AS9829\",\"offset\":\"5\",\"ip\":\"117.207.220.163\",\"area_code\":\"0\",\"continent_code\":\"AS\",\"dma_code\":\"0\",\"city\":\"Kalyan\",\"timezone\":\"Asia/Kolkata\",\"region\":\"Maharashtra\",\"country_code\":\"IN\",\"isp\":\"National Internet Backbone\",\"country\":\"India\",\"country_code3\":\"IND\",\"region_code\":\"16\"}'),(79,7,22,'[{\"qtn_id\":1,\"qtn_type\":\"moc\",\"ans\":[\"0,0\",\"1,2\",\"2,0\",\"3,0\",\"4,0\"]},{\"qtn_id\":2,\"qtn_type\":\"momc\",\"ans\":[\"0,0\",\"1,0\"]},{\"qtn_id\":3,\"qtn_type\":\"mcms\",\"ans\":[[\"1\",\"2\",\"3\",\"4\"]]}]','2015-01-26 04:37:53',0,'1.39.3.88','{\"longitude\":72.8258,\"latitude\":18.975,\"asn\":\"AS38266\",\"offset\":\"5\",\"ip\":\"1.39.3.88\",\"area_code\":\"0\",\"continent_code\":\"AS\",\"dma_code\":\"0\",\"city\":\"Mumbai\",\"timezone\":\"Asia/Kolkata\",\"region\":\"Maharashtra\",\"country_code\":\"IN\",\"isp\":\"Vodafone Essar Ltd., Telecommunication - Value Added Services\",\"country\":\"India\",\"country_code3\":\"IND\",\"region_code\":\"16\"}'),(80,7,4,'[{\"qtn_id\":1,\"qtn_type\":\"moc\",\"ans\":[\"0,0\",\"1,2\",\"2,2\",\"3,2\",\"4,3\"]},{\"qtn_id\":2,\"qtn_type\":\"momc\",\"ans\":[\"0,2\"]},{\"qtn_id\":3,\"qtn_type\":\"mcms\",\"ans\":[[\"1\",\"4\"]]}]','2015-01-26 06:30:12',0,'120.61.41.97','{\"longitude\":72.8258,\"latitude\":18.975,\"asn\":\"AS17813\",\"offset\":\"5\",\"ip\":\"120.61.41.97\",\"area_code\":\"0\",\"continent_code\":\"AS\",\"dma_code\":\"0\",\"city\":\"Mumbai\",\"timezone\":\"Asia/Kolkata\",\"region\":\"Maharashtra\",\"country_code\":\"IN\",\"isp\":\"Mahanagar Telephone Nigam Ltd.\",\"country\":\"India\",\"country_code3\":\"IND\",\"region_code\":\"16\"}'),(81,7,7,'[{\"qtn_id\":1,\"qtn_type\":\"moc\",\"ans\":[\"0,4\",\"1,4\",\"2,3\",\"3,1\",\"4,4\"]},{\"qtn_id\":2,\"qtn_type\":\"momc\",\"ans\":[\"0,2\",\"1,2\"]},{\"qtn_id\":3,\"qtn_type\":\"mcms\",\"ans\":[[\"1\",\"2\",\"4\"]]}]','2015-01-26 18:10:23',0,'103.230.150.190','{\"longitude\":77,\"latitude\":20,\"asn\":\"AS45194\",\"offset\":\"5\",\"ip\":\"103.230.150.190\",\"area_code\":\"0\",\"continent_code\":\"AS\",\"dma_code\":\"0\",\"timezone\":\"Asia/Kolkata\",\"country_code\":\"IN\",\"isp\":\"Syscon Infoway Pvt. Ltd.\",\"country\":\"India\",\"country_code3\":\"IND\"}'),(82,7,10,'[{\"qtn_id\":1,\"qtn_type\":\"moc\",\"ans\":[\"0,1\",\"1,1\",\"2,1\",\"3,2\",\"4,1\"]},{\"qtn_id\":2,\"qtn_type\":\"momc\",\"ans\":[\"0,1\",\"1,1\"]},{\"qtn_id\":3,\"qtn_type\":\"mcms\",\"ans\":[[\"1\",\"2\",\"3\",\"4\"]]}]','2015-01-26 21:56:00',0,'80.112.182.239','{\"longitude\":4.9,\"latitude\":52.3667,\"asn\":\"AS9143\",\"offset\":\"2\",\"ip\":\"80.112.182.239\",\"area_code\":\"0\",\"continent_code\":\"EU\",\"dma_code\":\"0\",\"timezone\":\"Europe/Amsterdam\",\"country_code\":\"NL\",\"isp\":\"Ziggo B.V.\",\"country\":\"Netherlands\",\"country_code3\":\"NLD\"}'),(83,7,13,'[{\"qtn_id\":1,\"qtn_type\":\"moc\",\"ans\":[\"0,3\",\"1,3\",\"2,2\",\"3,2\",\"4,3\"]},{\"qtn_id\":2,\"qtn_type\":\"momc\",\"ans\":[\"0,2\",\"1,2\"]},{\"qtn_id\":3,\"qtn_type\":\"mcms\",\"ans\":[[\"1\",\"2\",\"3\",\"4\"]]}]','2015-01-26 07:52:01',0,'122.172.110.0','{\"longitude\":77.5833,\"latitude\":12.9833,\"asn\":\"AS24560\",\"offset\":\"5\",\"ip\":\"122.172.110.0\",\"area_code\":\"0\",\"continent_code\":\"AS\",\"dma_code\":\"0\",\"city\":\"Bangalore\",\"timezone\":\"Asia/Kolkata\",\"region\":\"Karnataka\",\"country_code\":\"IN\",\"isp\":\"Bharti Airtel Ltd., Telemedia Services\",\"country\":\"India\",\"country_code3\":\"IND\",\"region_code\":\"19\"}'),(84,7,16,'[{\"qtn_id\":1,\"qtn_type\":\"moc\",\"ans\":[\"0,3\",\"1,3\",\"2,3\",\"3,1\",\"4,1\"]},{\"qtn_id\":2,\"qtn_type\":\"momc\",\"ans\":[\"0,0\",\"1,0\"]},{\"qtn_id\":3,\"qtn_type\":\"mcms\",\"ans\":[[\"2\",\"3\",\"4\"]]}]','2015-01-27 15:06:39',0,'2604:2000:c6e5:600:7074:7bd0:288:8ce1','{\"longitude\":-97,\"latitude\":38,\"asn\":\"AS12271\",\"ip\":\"2604:2000:c6e5:600:7074:7bd0:288:8ce1\",\"area_code\":\"0\",\"continent_code\":\"NA\",\"dma_code\":\"0\",\"country_code\":\"US\",\"isp\":\"Time Warner Cable Internet LLC\",\"country\":\"United States\",\"country_code3\":\"USA\"}'),(85,7,17,'[{\"qtn_id\":1,\"qtn_type\":\"moc\",\"ans\":[\"0,3\",\"1,3\",\"2,3\",\"3,1\",\"4,1\"]},{\"qtn_id\":2,\"qtn_type\":\"momc\",\"ans\":[\"0,0\",\"1,0\"]},{\"qtn_id\":3,\"qtn_type\":\"mcms\",\"ans\":[[\"2\",\"3\",\"4\"]]}]','2015-01-27 15:06:39',0,'2604:2000:c6e5:600:7074:7bd0:288:8ce1','{\"longitude\":-97,\"latitude\":38,\"asn\":\"AS12271\",\"ip\":\"2604:2000:c6e5:600:7074:7bd0:288:8ce1\",\"area_code\":\"0\",\"continent_code\":\"NA\",\"dma_code\":\"0\",\"country_code\":\"US\",\"isp\":\"Time Warner Cable Internet LLC\",\"country\":\"United States\",\"country_code3\":\"USA\"}'),(86,7,32,'[{\"qtn_id\":1,\"qtn_type\":\"moc\",\"ans\":[\"0,0\",\"1,3\",\"2,1\",\"3,2\",\"4,2\"]},{\"qtn_id\":2,\"qtn_type\":\"momc\",\"ans\":[\"0,0\",\"1,0\"]},{\"qtn_id\":3,\"qtn_type\":\"mcms\",\"ans\":[[\"1\",\"2\",\"3\",\"4\"]]}]','2015-01-28 03:51:38',0,'117.207.220.163','{\"longitude\":73.15,\"latitude\":19.25,\"asn\":\"AS9829\",\"offset\":\"5\",\"ip\":\"117.207.220.163\",\"area_code\":\"0\",\"continent_code\":\"AS\",\"dma_code\":\"0\",\"city\":\"Kalyan\",\"timezone\":\"Asia/Kolkata\",\"region\":\"Maharashtra\",\"country_code\":\"IN\",\"isp\":\"National Internet Backbone\",\"country\":\"India\",\"country_code3\":\"IND\",\"region_code\":\"16\"}'),(87,7,28,'[{\"qtn_id\":1,\"qtn_type\":\"moc\",\"ans\":[\"0,0\",\"1,3\",\"2,1\",\"3,2\",\"4,2\"]},{\"qtn_id\":2,\"qtn_type\":\"momc\",\"ans\":[\"0,0\",\"1,0\"]},{\"qtn_id\":3,\"qtn_type\":\"mcms\",\"ans\":[[\"1\",\"2\",\"3\",\"4\"]]}]','2015-01-28 03:51:38',0,'117.207.220.163','{\"longitude\":73.15,\"latitude\":19.25,\"asn\":\"AS9829\",\"offset\":\"5\",\"ip\":\"117.207.220.163\",\"area_code\":\"0\",\"continent_code\":\"AS\",\"dma_code\":\"0\",\"city\":\"Kalyan\",\"timezone\":\"Asia/Kolkata\",\"region\":\"Maharashtra\",\"country_code\":\"IN\",\"isp\":\"National Internet Backbone\",\"country\":\"India\",\"country_code3\":\"IND\",\"region_code\":\"16\"}'),(88,7,43,'[{\"qtn_id\":1,\"qtn_type\":\"moc\",\"ans\":[\"0,3\",\"1,2\",\"2,1\",\"3,0\",\"4,0\"]},{\"qtn_id\":2,\"qtn_type\":\"momc\",\"ans\":[\"0,0\",\"1,1\"]},{\"qtn_id\":3,\"qtn_type\":\"mcms\",\"ans\":[[\"1\"]]}]','2015-01-30 09:25:14',0,'178.8.90.8','{\"longitude\":13.4228,\"latitude\":52.4789,\"asn\":\"AS3209\",\"offset\":\"2\",\"ip\":\"178.8.90.8\",\"area_code\":\"0\",\"continent_code\":\"EU\",\"dma_code\":\"0\",\"city\":\"Berlin\",\"timezone\":\"Europe/Berlin\",\"region\":\"Berlin\",\"country_code\":\"DE\",\"isp\":\"Vodafone GmbH\",\"postal_code\":\"10245\",\"country\":\"Germany\",\"country_code3\":\"DEU\",\"region_code\":\"16\"}'),(89,7,45,'[{\"qtn_id\":1,\"qtn_type\":\"moc\",\"ans\":[\"0,2\",\"1,2\",\"2,2\",\"3,2\",\"4,2\"]},{\"qtn_id\":2,\"qtn_type\":\"momc\",\"ans\":[\"0,2\",\"1,2\"]},{\"qtn_id\":3,\"qtn_type\":\"mcms\",\"ans\":[[\"1\",\"2\"]]}]','2015-01-30 10:46:02',0,'161.112.232.103','{\"longitude\":-1.7833,\"latitude\":53.65,\"asn\":\"AS786\",\"offset\":\"3\",\"ip\":\"161.112.232.103\",\"area_code\":\"0\",\"continent_code\":\"EU\",\"dma_code\":\"0\",\"city\":\"Huddersfield\",\"timezone\":\"Europe/Sofia\",\"region\":\"Kirklees\",\"country_code\":\"GB\",\"isp\":\"JISC Collections And Janet Limited\",\"country\":\"United Kingdom\",\"country_code3\":\"GBR\",\"region_code\":\"G8\"}'),(90,7,46,'[{\"qtn_id\":1,\"qtn_type\":\"moc\",\"ans\":[\"0,1\",\"1,0\",\"2,1\",\"3,1\",\"4,0\"]},{\"qtn_id\":2,\"qtn_type\":\"momc\",\"ans\":[\"0,2\",\"1,2\"]},{\"qtn_id\":3,\"qtn_type\":\"mcms\",\"ans\":[[\"1\",\"2\"]]}]','2015-01-30 11:09:38',1,'79.117.250.61','{\"longitude\":26.0167,\"latitude\":44.95,\"asn\":\"AS8708\",\"offset\":\"3\",\"ip\":\"79.117.250.61\",\"area_code\":\"0\",\"continent_code\":\"EU\",\"dma_code\":\"0\",\"city\":\"Ploiesti\",\"timezone\":\"Europe/Bucharest\",\"region\":\"Prahova\",\"country_code\":\"RO\",\"isp\":\"RCS \",\"country\":\"Romania\",\"country_code3\":\"ROU\",\"region_code\":\"30\"}'),(91,7,47,'[{\"qtn_id\":1,\"qtn_type\":\"moc\",\"ans\":[\"0,0\",\"1,0\",\"2,0\",\"3,0\",\"4,0\"]},{\"qtn_id\":2,\"qtn_type\":\"momc\",\"ans\":[\"0,1\",\"1,1\"]},{\"qtn_id\":3,\"qtn_type\":\"mcms\",\"ans\":[null]}]','2015-01-30 14:25:16',0,'78.97.139.72','{\"longitude\":25,\"latitude\":46,\"asn\":\"AS6830\",\"offset\":\"3\",\"ip\":\"78.97.139.72\",\"area_code\":\"0\",\"continent_code\":\"EU\",\"dma_code\":\"0\",\"timezone\":\"Europe/Bucharest\",\"country_code\":\"RO\",\"isp\":\"Liberty Global Operations B.V.\",\"country\":\"Romania\",\"country_code3\":\"ROU\"}'),(92,7,48,'[{\"qtn_id\":1,\"qtn_type\":\"moc\",\"ans\":[\"0,0\",\"1,0\",\"2,3\",\"3,3\",\"4,3\"]},{\"qtn_id\":2,\"qtn_type\":\"momc\",\"ans\":[\"0,2\",\"1,2\"]},{\"qtn_id\":3,\"qtn_type\":\"mcms\",\"ans\":[null]}]','2015-01-30 15:14:45',0,'86.156.5.176','{\"longitude\":-1.9745,\"latitude\":52.5628,\"asn\":\"AS2856\",\"offset\":\"-4\",\"ip\":\"86.156.5.176\",\"area_code\":\"0\",\"continent_code\":\"EU\",\"dma_code\":\"0\",\"city\":\"Walsall\",\"timezone\":\"America/La_Paz\",\"region\":\"Walsall\",\"country_code\":\"GB\",\"isp\":\"BT Public Internet Service\",\"postal_code\":\"WS5\",\"country\":\"United Kingdom\",\"country_code3\":\"GBR\",\"region_code\":\"O8\"}'),(93,6,7,'[{\"qtn_id\":1,\"qtn_type\":\"mcss\",\"ans\":[\"2\"]}]','2015-01-30 18:12:09',1,'120.138.126.182','{\"longitude\":77,\"latitude\":20,\"asn\":\"AS45194\",\"offset\":\"5\",\"ip\":\"120.138.126.182\",\"area_code\":\"0\",\"continent_code\":\"AS\",\"dma_code\":\"0\",\"timezone\":\"Asia/Kolkata\",\"country_code\":\"IN\",\"isp\":\"Syscon Infoway Pvt. Ltd.\",\"country\":\"India\",\"country_code3\":\"IND\"}'),(94,2,18,'[{\"qtn_id\":1,\"qtn_type\":\"mcss\",\"ans\":[\"2\"]}]','2015-01-30 18:47:25',1,'120.138.126.182','{\"longitude\":77,\"latitude\":20,\"asn\":\"AS45194\",\"offset\":\"5\",\"ip\":\"120.138.126.182\",\"area_code\":\"0\",\"continent_code\":\"AS\",\"dma_code\":\"0\",\"timezone\":\"Asia/Kolkata\",\"country_code\":\"IN\",\"isp\":\"Syscon Infoway Pvt. Ltd.\",\"country\":\"India\",\"country_code3\":\"IND\"}'),(95,2,18,'[{\"qtn_id\":1,\"qtn_type\":\"mcss\",\"ans\":[\"1\"]}]','2015-01-30 18:48:09',0,'120.138.126.182','{\"longitude\":77,\"latitude\":20,\"asn\":\"AS45194\",\"offset\":\"5\",\"ip\":\"120.138.126.182\",\"area_code\":\"0\",\"continent_code\":\"AS\",\"dma_code\":\"0\",\"timezone\":\"Asia/Kolkata\",\"country_code\":\"IN\",\"isp\":\"Syscon Infoway Pvt. Ltd.\",\"country\":\"India\",\"country_code3\":\"IND\"}'),(96,2,18,'[{\"qtn_id\":1,\"qtn_type\":\"mcss\",\"ans\":[\"1\"]}]','2015-01-30 18:48:36',0,'120.138.126.182','{\"longitude\":77,\"latitude\":20,\"asn\":\"AS45194\",\"offset\":\"5\",\"ip\":\"120.138.126.182\",\"area_code\":\"0\",\"continent_code\":\"AS\",\"dma_code\":\"0\",\"timezone\":\"Asia/Kolkata\",\"country_code\":\"IN\",\"isp\":\"Syscon Infoway Pvt. Ltd.\",\"country\":\"India\",\"country_code3\":\"IND\"}'),(97,6,49,'[{\"qtn_id\":1,\"qtn_type\":\"mcss\",\"ans\":[\"2\"]}]','2015-01-31 06:46:16',0,'1.39.3.93','{\"longitude\":72.8258,\"latitude\":18.975,\"asn\":\"AS38266\",\"offset\":\"5\",\"ip\":\"1.39.3.93\",\"area_code\":\"0\",\"continent_code\":\"AS\",\"dma_code\":\"0\",\"city\":\"Mumbai\",\"timezone\":\"Asia/Kolkata\",\"region\":\"Maharashtra\",\"country_code\":\"IN\",\"isp\":\"Vodafone Essar Ltd., Telecommunication - Value Added Services\",\"country\":\"India\",\"country_code3\":\"IND\",\"region_code\":\"16\"}'),(98,3,49,'[{\"qtn_id\":1,\"qtn_type\":\"mcss\",\"ans\":[\"4\"]},{\"qtn_id\":2,\"qtn_type\":\"mcss\",\"ans\":[\"3\"]},{\"qtn_id\":3,\"qtn_type\":\"mcss\",\"ans\":[\"1\"]},{\"qtn_id\":4,\"qtn_type\":\"mcss\",\"ans\":[\"2\"]},{\"qtn_id\":5,\"qtn_type\":\"tb\",\"ans\":[[\"\"]]}]','2015-01-31 06:50:48',0,'1.39.3.93','{\"longitude\":72.8258,\"latitude\":18.975,\"asn\":\"AS38266\",\"offset\":\"5\",\"ip\":\"1.39.3.93\",\"area_code\":\"0\",\"continent_code\":\"AS\",\"dma_code\":\"0\",\"city\":\"Mumbai\",\"timezone\":\"Asia/Kolkata\",\"region\":\"Maharashtra\",\"country_code\":\"IN\",\"isp\":\"Vodafone Essar Ltd., Telecommunication - Value Added Services\",\"country\":\"India\",\"country_code3\":\"IND\",\"region_code\":\"16\"}'),(99,2,7,'[{\"qtn_id\":1,\"qtn_type\":\"mcss\",\"ans\":[\"1\"]}]','2015-01-31 07:06:19',0,'120.138.126.182','{\"longitude\":77,\"latitude\":20,\"asn\":\"AS45194\",\"offset\":\"5\",\"ip\":\"120.138.126.182\",\"area_code\":\"0\",\"continent_code\":\"AS\",\"dma_code\":\"0\",\"timezone\":\"Asia/Kolkata\",\"country_code\":\"IN\",\"isp\":\"Syscon Infoway Pvt. Ltd.\",\"country\":\"India\",\"country_code3\":\"IND\"}'),(100,3,7,'[{\"qtn_id\":1,\"qtn_type\":\"mcss\",\"ans\":[\"5\"]},{\"qtn_id\":2,\"qtn_type\":\"mcss\",\"ans\":[\"3\"]},{\"qtn_id\":3,\"qtn_type\":\"mcss\",\"ans\":[\"1\"]},{\"qtn_id\":4,\"qtn_type\":\"mcss\",\"ans\":[\"1\"]},{\"qtn_id\":5,\"qtn_type\":\"tb\",\"ans\":[[\"\"]]}]','2015-01-31 07:07:07',0,'120.138.126.182','{\"longitude\":77,\"latitude\":20,\"asn\":\"AS45194\",\"offset\":\"5\",\"ip\":\"120.138.126.182\",\"area_code\":\"0\",\"continent_code\":\"AS\",\"dma_code\":\"0\",\"timezone\":\"Asia/Kolkata\",\"country_code\":\"IN\",\"isp\":\"Syscon Infoway Pvt. Ltd.\",\"country\":\"India\",\"country_code3\":\"IND\"}'),(101,9,6,'[{\"qtn_id\":1,\"qtn_type\":\"tb\",\"ans\":[[\"I agree. You do not really need extentions to save memories!\"]]}]','2015-01-31 12:10:53',0,'203.114.233.10','{\"longitude\":77,\"latitude\":20,\"asn\":\"AS45769\",\"offset\":\"5\",\"ip\":\"203.114.233.10\",\"area_code\":\"0\",\"continent_code\":\"AS\",\"dma_code\":\"0\",\"timezone\":\"Asia/Kolkata\",\"country_code\":\"IN\",\"isp\":\"D-Vois Broadband Pvt Ltd\",\"country\":\"India\",\"country_code3\":\"IND\"}'),(102,7,50,'[{\"qtn_id\":1,\"qtn_type\":\"moc\",\"ans\":[\"0,4\",\"1,0\",\"2,2\",\"3,4\",\"4,4\"]},{\"qtn_id\":2,\"qtn_type\":\"momc\",\"ans\":[\"0,0\",\"1,1\"]},{\"qtn_id\":3,\"qtn_type\":\"mcms\",\"ans\":[[\"1\",\"4\"]]}]','2015-01-31 17:11:52',0,'103.228.40.197','{\"longitude\":77,\"latitude\":20,\"asn\":\"AS45415\",\"offset\":\"5\",\"ip\":\"103.228.40.197\",\"area_code\":\"0\",\"continent_code\":\"AS\",\"dma_code\":\"0\",\"timezone\":\"Asia/Kolkata\",\"country_code\":\"IN\",\"isp\":\"Vasai Cable Pvt. Ltd.\",\"country\":\"India\",\"country_code3\":\"IND\"}'),(103,7,50,'[{\"qtn_id\":1,\"qtn_type\":\"moc\",\"ans\":[\"0,4\",\"1,0\",\"2,2\",\"3,4\",\"4,4\"]},{\"qtn_id\":2,\"qtn_type\":\"momc\",\"ans\":[\"0,0\",\"1,1\"]},{\"qtn_id\":3,\"qtn_type\":\"mcms\",\"ans\":[[\"1\",\"4\"]]}]','2015-01-31 17:11:55',0,'103.228.40.197','{\"longitude\":77,\"latitude\":20,\"asn\":\"AS45415\",\"offset\":\"5\",\"ip\":\"103.228.40.197\",\"area_code\":\"0\",\"continent_code\":\"AS\",\"dma_code\":\"0\",\"timezone\":\"Asia/Kolkata\",\"country_code\":\"IN\",\"isp\":\"Vasai Cable Pvt. Ltd.\",\"country\":\"India\",\"country_code3\":\"IND\"}'),(106,7,51,'[{\"qtn_id\":1,\"qtn_type\":\"moc\",\"ans\":[\"0,2\",\"1,0\",\"2,1\",\"3,2\",\"4,0\"]},{\"qtn_id\":2,\"qtn_type\":\"momc\",\"ans\":[\"0,2\",\"1,2\"]},{\"qtn_id\":3,\"qtn_type\":\"mcms\",\"ans\":[[\"1\",\"2\",\"4\"]]}]','2015-01-31 17:18:12',0,'86.31.165.22','{\"longitude\":-1.0833,\"latitude\":51.2667,\"asn\":\"AS5089\",\"offset\":\"0\",\"ip\":\"86.31.165.22\",\"area_code\":\"0\",\"continent_code\":\"EU\",\"dma_code\":\"0\",\"city\":\"Basingstoke\",\"timezone\":\"Africa/Ouagadougou\",\"region\":\"Hampshire\",\"country_code\":\"GB\",\"isp\":\"Virgin Media Limited\",\"country\":\"United Kingdom\",\"country_code3\":\"GBR\",\"region_code\":\"F2\"}'),(107,9,50,'[{\"qtn_id\":1,\"qtn_type\":\"tb\",\"ans\":[[\"NO.\"]]}]','2015-01-31 17:20:58',0,'103.228.40.197','{\"longitude\":77,\"latitude\":20,\"asn\":\"AS45415\",\"offset\":\"5\",\"ip\":\"103.228.40.197\",\"area_code\":\"0\",\"continent_code\":\"AS\",\"dma_code\":\"0\",\"timezone\":\"Asia/Kolkata\",\"country_code\":\"IN\",\"isp\":\"Vasai Cable Pvt. Ltd.\",\"country\":\"India\",\"country_code3\":\"IND\"}'),(108,6,50,'[{\"qtn_id\":1,\"qtn_type\":\"mcss\",\"ans\":[\"2\"]}]','2015-01-31 17:22:19',0,'103.228.40.197','{\"longitude\":77,\"latitude\":20,\"asn\":\"AS45415\",\"offset\":\"5\",\"ip\":\"103.228.40.197\",\"area_code\":\"0\",\"continent_code\":\"AS\",\"dma_code\":\"0\",\"timezone\":\"Asia/Kolkata\",\"country_code\":\"IN\",\"isp\":\"Vasai Cable Pvt. Ltd.\",\"country\":\"India\",\"country_code3\":\"IND\"}'),(109,2,50,'[{\"qtn_id\":1,\"qtn_type\":\"mcss\",\"ans\":[\"1\"]}]','2015-01-31 17:22:43',0,'103.228.40.197','{\"longitude\":77,\"latitude\":20,\"asn\":\"AS45415\",\"offset\":\"5\",\"ip\":\"103.228.40.197\",\"area_code\":\"0\",\"continent_code\":\"AS\",\"dma_code\":\"0\",\"timezone\":\"Asia/Kolkata\",\"country_code\":\"IN\",\"isp\":\"Vasai Cable Pvt. Ltd.\",\"country\":\"India\",\"country_code3\":\"IND\"}'),(110,3,50,'[{\"qtn_id\":1,\"qtn_type\":\"mcss\",\"ans\":[\"5\"]},{\"qtn_id\":2,\"qtn_type\":\"mcss\",\"ans\":[\"1\"]},{\"qtn_id\":3,\"qtn_type\":\"mcss\",\"ans\":[\"1\"]},{\"qtn_id\":4,\"qtn_type\":\"mcss\",\"ans\":[\"1\"]},{\"qtn_id\":5,\"qtn_type\":\"tb\",\"ans\":[[\"Everything needs time. He will surely take India to another level.\"]]}]','2015-01-31 17:26:01',0,'103.228.40.197','{\"longitude\":77,\"latitude\":20,\"asn\":\"AS45415\",\"offset\":\"5\",\"ip\":\"103.228.40.197\",\"area_code\":\"0\",\"continent_code\":\"AS\",\"dma_code\":\"0\",\"timezone\":\"Asia/Kolkata\",\"country_code\":\"IN\",\"isp\":\"Vasai Cable Pvt. Ltd.\",\"country\":\"India\",\"country_code3\":\"IND\"}'),(111,4,50,'[{\"qtn_id\":1,\"qtn_type\":\"mcss\",\"ans\":[\"20\"]}]','2015-01-31 17:28:14',0,'103.228.40.197','{\"longitude\":77,\"latitude\":20,\"asn\":\"AS45415\",\"offset\":\"5\",\"ip\":\"103.228.40.197\",\"area_code\":\"0\",\"continent_code\":\"AS\",\"dma_code\":\"0\",\"timezone\":\"Asia/Kolkata\",\"country_code\":\"IN\",\"isp\":\"Vasai Cable Pvt. Ltd.\",\"country\":\"India\",\"country_code3\":\"IND\"}'),(112,5,50,'[{\"qtn_id\":1,\"qtn_type\":\"mcss\",\"ans\":[\"2\"]}]','2015-01-31 17:29:29',0,'103.228.40.197','{\"longitude\":77,\"latitude\":20,\"asn\":\"AS45415\",\"offset\":\"5\",\"ip\":\"103.228.40.197\",\"area_code\":\"0\",\"continent_code\":\"AS\",\"dma_code\":\"0\",\"timezone\":\"Asia/Kolkata\",\"country_code\":\"IN\",\"isp\":\"Vasai Cable Pvt. Ltd.\",\"country\":\"India\",\"country_code3\":\"IND\"}'),(113,9,5,'[{\"qtn_id\":1,\"qtn_type\":\"tb\",\"ans\":[[\"yeah i do agree with you.There were days when we had to make time for a snap between the fun.Now a days we have to find time for fun between the snaps.\"]]}]','2015-01-31 18:32:36',1,'59.94.34.157','{\"longitude\":77,\"latitude\":20,\"asn\":\"AS9829\",\"offset\":\"5\",\"ip\":\"59.94.34.157\",\"area_code\":\"0\",\"continent_code\":\"AS\",\"dma_code\":\"0\",\"timezone\":\"Asia/Kolkata\",\"country_code\":\"IN\",\"isp\":\"National Internet Backbone\",\"country\":\"India\",\"country_code3\":\"IND\"}'),(114,10,5,'[{\"qtn_id\":1,\"qtn_type\":\"tb\",\"ans\":[[\"To achieve peace.\"]]},{\"qtn_id\":2,\"qtn_type\":\"mcss\",\"ans\":[\"1\"]},{\"qtn_id\":3,\"qtn_type\":\"mcss\",\"ans\":[\"1\"]},{\"qtn_id\":4,\"qtn_type\":\"mcss\",\"ans\":[\"2\"]}]','2015-01-31 18:35:09',0,'59.94.34.157','{\"longitude\":77,\"latitude\":20,\"asn\":\"AS9829\",\"offset\":\"5\",\"ip\":\"59.94.34.157\",\"area_code\":\"0\",\"continent_code\":\"AS\",\"dma_code\":\"0\",\"timezone\":\"Asia/Kolkata\",\"country_code\":\"IN\",\"isp\":\"National Internet Backbone\",\"country\":\"India\",\"country_code3\":\"IND\"}'),(116,12,3,'[{\"qtn_id\":1,\"qtn_type\":\"mcms\",\"ans\":[[\"1\",\"2\"]]}]','2015-01-31 20:16:12',0,'86.94.40.229','{\"longitude\":4.9,\"latitude\":52.3667,\"asn\":\"AS8737\",\"offset\":\"2\",\"ip\":\"86.94.40.229\",\"area_code\":\"0\",\"continent_code\":\"EU\",\"dma_code\":\"0\",\"timezone\":\"Europe/Amsterdam\",\"country_code\":\"NL\",\"isp\":\"Koninklijke KPN N.V.\",\"country\":\"Netherlands\",\"country_code3\":\"NLD\"}'),(117,10,49,'[{\"qtn_id\":1,\"qtn_type\":\"tb\",\"ans\":[[\"Nobody knows what the ultimate goal of life is..\"]]},{\"qtn_id\":2,\"qtn_type\":\"mcss\",\"ans\":[\"2\"]},{\"qtn_id\":3,\"qtn_type\":\"mcss\",\"ans\":[\"4\"]},{\"qtn_id\":4,\"qtn_type\":\"mcss\",\"ans\":[\"2\"]}]','2015-02-01 06:12:07',0,'1.39.2.125','{\"longitude\":72.8258,\"latitude\":18.975,\"asn\":\"AS38266\",\"offset\":\"5\",\"ip\":\"1.39.2.125\",\"area_code\":\"0\",\"continent_code\":\"AS\",\"dma_code\":\"0\",\"city\":\"Mumbai\",\"timezone\":\"Asia/Kolkata\",\"region\":\"Maharashtra\",\"country_code\":\"IN\",\"isp\":\"Vodafone Essar Ltd., Telecommunication - Value Added Services\",\"country\":\"India\",\"country_code3\":\"IND\",\"region_code\":\"16\"}'),(118,12,49,'[{\"qtn_id\":1,\"qtn_type\":\"mcms\",\"ans\":[[\"1\"]]}]','2015-02-01 06:12:33',0,'1.39.2.125','{\"longitude\":72.8258,\"latitude\":18.975,\"asn\":\"AS38266\",\"offset\":\"5\",\"ip\":\"1.39.2.125\",\"area_code\":\"0\",\"continent_code\":\"AS\",\"dma_code\":\"0\",\"city\":\"Mumbai\",\"timezone\":\"Asia/Kolkata\",\"region\":\"Maharashtra\",\"country_code\":\"IN\",\"isp\":\"Vodafone Essar Ltd., Telecommunication - Value Added Services\",\"country\":\"India\",\"country_code3\":\"IND\",\"region_code\":\"16\"}'),(119,3,52,'[{\"qtn_id\":1,\"qtn_type\":\"mcss\",\"ans\":[\"5\"]},{\"qtn_id\":2,\"qtn_type\":\"mcss\",\"ans\":[\"3\"]},{\"qtn_id\":3,\"qtn_type\":\"mcss\",\"ans\":[\"1\"]},{\"qtn_id\":4,\"qtn_type\":\"mcss\",\"ans\":[\"2\"]},{\"qtn_id\":5,\"qtn_type\":\"tb\",\"ans\":[[\"\"]]}]','2015-02-02 06:34:49',0,'114.143.198.2','{\"longitude\":77,\"latitude\":20,\"asn\":\"AS17762\",\"offset\":\"5\",\"ip\":\"114.143.198.2\",\"area_code\":\"0\",\"continent_code\":\"AS\",\"dma_code\":\"0\",\"timezone\":\"Asia/Kolkata\",\"country_code\":\"IN\",\"isp\":\"Tata Teleservices Maharashtra Ltd\",\"country\":\"India\",\"country_code3\":\"IND\"}'),(120,7,53,'[{\"qtn_id\":1,\"qtn_type\":\"moc\",\"ans\":[\"0,3\",\"1,0\",\"2,2\",\"3,4\",\"4,3\"]},{\"qtn_id\":2,\"qtn_type\":\"momc\",\"ans\":[\"0,2\",\"1,2\"]},{\"qtn_id\":3,\"qtn_type\":\"mcms\",\"ans\":[[\"1\",\"2\",\"4\"]]}]','2015-02-02 13:52:26',0,'87.211.148.28','{\"longitude\":4.5,\"latitude\":51.9167,\"asn\":\"AS13127\",\"offset\":\"2\",\"ip\":\"87.211.148.28\",\"area_code\":\"0\",\"continent_code\":\"EU\",\"dma_code\":\"0\",\"city\":\"Rotterdam\",\"timezone\":\"Europe/Amsterdam\",\"region\":\"Zuid-Holland\",\"country_code\":\"NL\",\"isp\":\"Tele 2 Nederland B.V.\",\"country\":\"Netherlands\",\"country_code3\":\"NLD\",\"region_code\":\"11\"}'),(121,12,5,'[{\"qtn_id\":1,\"qtn_type\":\"mcms\",\"ans\":[[\"1\",\"2\"]]}]','2015-02-02 18:43:26',1,'117.204.164.247','{\"longitude\":73.15,\"latitude\":19.2167,\"asn\":\"AS9829\",\"offset\":\"5\",\"ip\":\"117.204.164.247\",\"area_code\":\"0\",\"continent_code\":\"AS\",\"dma_code\":\"0\",\"city\":\"Ulhasnagar\",\"timezone\":\"Asia/Kolkata\",\"region\":\"Maharashtra\",\"country_code\":\"IN\",\"isp\":\"National Internet Backbone\",\"postal_code\":\"421002\",\"country\":\"India\",\"country_code3\":\"IND\",\"region_code\":\"16\"}'),(122,12,5,'[{\"qtn_id\":1,\"qtn_type\":\"mcms\",\"ans\":[[\"1\",\"2\"]]}]','2015-02-02 18:43:30',1,'117.204.164.247','{\"longitude\":73.15,\"latitude\":19.2167,\"asn\":\"AS9829\",\"offset\":\"5\",\"ip\":\"117.204.164.247\",\"area_code\":\"0\",\"continent_code\":\"AS\",\"dma_code\":\"0\",\"city\":\"Ulhasnagar\",\"timezone\":\"Asia/Kolkata\",\"region\":\"Maharashtra\",\"country_code\":\"IN\",\"isp\":\"National Internet Backbone\",\"postal_code\":\"421002\",\"country\":\"India\",\"country_code3\":\"IND\",\"region_code\":\"16\"}'),(123,10,39,'[{\"qtn_id\":1,\"qtn_type\":\"tb\",\"ans\":[[\"To be successful in my definitions, revolutionize education system in India.\"]]},{\"qtn_id\":2,\"qtn_type\":\"mcss\",\"ans\":[\"1\"]},{\"qtn_id\":3,\"qtn_type\":\"mcss\",\"ans\":[\"1\"]},{\"qtn_id\":4,\"qtn_type\":\"mcss\",\"ans\":[\"3\"]}]','2015-02-02 19:05:15',0,'117.204.168.172','{\"longitude\":72.8258,\"latitude\":18.975,\"asn\":\"AS9829\",\"offset\":\"5\",\"ip\":\"117.204.168.172\",\"area_code\":\"0\",\"continent_code\":\"AS\",\"dma_code\":\"0\",\"city\":\"Mumbai\",\"timezone\":\"Asia/Kolkata\",\"region\":\"Maharashtra\",\"country_code\":\"IN\",\"isp\":\"National Internet Backbone\",\"postal_code\":\"401201\",\"country\":\"India\",\"country_code3\":\"IND\",\"region_code\":\"16\"}'),(124,13,5,'[{\"qtn_id\":1,\"qtn_type\":\"mcss\",\"ans\":[\"1\"]},{\"qtn_id\":2,\"qtn_type\":\"mcss\",\"ans\":[\"1\"]},{\"qtn_id\":3,\"qtn_type\":\"mcss\",\"ans\":[\"2\"]},{\"qtn_id\":4,\"qtn_type\":\"mcss\",\"ans\":[\"3\"]},{\"qtn_id\":5,\"qtn_type\":\"mcss\",\"ans\":[\"3\"]},{\"qtn_id\":6,\"qtn_type\":\"tb\",\"ans\":[[\"AIB loved your show...\"]]}]','2015-02-02 19:20:24',0,'117.204.164.247','{\"longitude\":73.15,\"latitude\":19.2167,\"asn\":\"AS9829\",\"offset\":\"5\",\"ip\":\"117.204.164.247\",\"area_code\":\"0\",\"continent_code\":\"AS\",\"dma_code\":\"0\",\"city\":\"Ulhasnagar\",\"timezone\":\"Asia/Kolkata\",\"region\":\"Maharashtra\",\"country_code\":\"IN\",\"isp\":\"National Internet Backbone\",\"postal_code\":\"421002\",\"country\":\"India\",\"country_code3\":\"IND\",\"region_code\":\"16\"}');
/*!40000 ALTER TABLE `poll_ans_tbl` ENABLE KEYS */;
UNLOCK TABLES;

--
-- Table structure for table `poll_tbl`
--

DROP TABLE IF EXISTS `poll_tbl`;
/*!40101 SET @saved_cs_client     = @@character_set_client */;
/*!40101 SET character_set_client = utf8 */;
CREATE TABLE `poll_tbl` (
  `pid` int(11) NOT NULL AUTO_INCREMENT,
  `uid` int(11) NOT NULL,
  `cid_json` varchar(30) NOT NULL,
  `title` varchar(100) NOT NULL,
  `description` varchar(1000) NOT NULL,
  `qtn_json` varchar(10000) NOT NULL,
  `ans_json` varchar(1000) NOT NULL,
  `poll_link` varchar(100) NOT NULL,
  `start_ts` timestamp NOT NULL DEFAULT CURRENT_TIMESTAMP ON UPDATE CURRENT_TIMESTAMP,
  `end_ts` timestamp NULL DEFAULT NULL,
  `reward` int(11) NOT NULL,
  `poll_type` varchar(30) NOT NULL,
  PRIMARY KEY (`pid`),
  KEY `uid` (`uid`),
  CONSTRAINT `poll_tbl_ibfk_1` FOREIGN KEY (`uid`) REFERENCES `login_tbl` (`uid`)
) ENGINE=InnoDB AUTO_INCREMENT=14 DEFAULT CHARSET=latin1;
/*!40101 SET character_set_client = @saved_cs_client */;

--
-- Dumping data for table `poll_tbl`
--

LOCK TABLES `poll_tbl` WRITE;
/*!40000 ALTER TABLE `poll_tbl` DISABLE KEYS */;
INSERT INTO `poll_tbl` VALUES (1,3,',72,86,87,22,','Your Opinion on Charlie Hebdo attack','This survey intends to gather user\'s viewpoint on the aftermath the Charlie Hebdo attack','[{\"qtn_id\":1,\"position\":1,\"qtn_type\":\"mcss\",\"qtn\":\"Do you Condemn the attack on Charlie Hebdo?\",\"rows\":[\"Yes\",\"No\"]},{\"qtn_id\":2,\"position\":3,\"qtn_type\":\"mcss\",\"qtn\":\"Do you think Charlie Hebdo magazine was being provocative or racist?\",\"rows\":[\"Yes\",\"No\"]},{\"qtn_id\":3,\"position\":3,\"qtn_type\":\"mcss\",\"qtn\":\"Do you think Islam/Muslims is/are to be blamed for such an attack?\",\"rows\":[\"Yes\",\"No\"]},{\"qtn_id\":4,\"position\":4,\"qtn_type\":\"tb\",\"qtn\":\"What do you suggest, to protect Europe from future terrorist attacks?\"}]','','Your_Opinion_on_Charlie_Hebdo_attack','2015-01-11 22:02:00','2015-07-30 22:02:00',5,'free'),(2,5,',86,87,','J&K governance','BJP and PDP differences on J & K ','[{\"qtn_id\":1,\"position\":1,\"qtn_type\":\"mcss\",\"qtn\":\"should BJP and PDP overcome differences and rescue J\\u0026K from governor\\u0027s rule.?\",\"rows\":[\"Yes\",\"No\",\"cant say\"]}]','','JK_governance','2015-01-13 01:53:00','2015-03-13 01:53:00',5,'free'),(3,6,',83,86,87,','PM Modi effect.','PM Modi effect from the perspective of people.','[{\"qtn_id\":1,\"position\":1,\"qtn_type\":\"mcss\",\"qtn\":\"Rate PM Modi effect on the scale of 5\",\"rows\":[\"1\",\"2\",\"3\",\"4\",\"5\"]},{\"qtn_id\":2,\"position\":2,\"qtn_type\":\"mcss\",\"qtn\":\"Did you experience achhe din?\",\"rows\":[\"Yes\",\"No\",\"Maybe\"]},{\"qtn_id\":3,\"position\":3,\"qtn_type\":\"mcss\",\"qtn\":\"Do you think India can be well led by PM Modi?\",\"rows\":[\"Yes\",\"No\",\"Maybe\"]},{\"qtn_id\":4,\"position\":4,\"qtn_type\":\"mcss\",\"qtn\":\"Is the Modi wave still of the same intensity?\",\"rows\":[\"Yes\",\"No\",\"Maybe\"]},{\"qtn_id\":5,\"position\":5,\"qtn_type\":\"tb\",\"qtn\":\"Comments and views about progress of India with PM Modi.\"}]','','PM_Modi_effect','2015-01-11 23:41:00','2015-02-11 23:59:00',5,'free'),(4,6,',86,','Who will win English Premier League in 2014-2015?','Predictions about EPL winners of 2014-2015','[{\"qtn_id\":1,\"position\":1,\"qtn_type\":\"mcss\",\"qtn\":\"Choose the team you predict to win 14-15 EPL.\",\"rows\":[\"Chelsea\",\"Man City\",\"Southampton\",\"Man Utd\",\"Arsenal\",\"Spurs\",\"West Ham\",\"Liverpool\",\"Swansea\",\"Newcastle\",\"Stoke\",\"Everton\",\"Aston Villa\",\"West Brom\",\"Crystal Palace\",\"Sunderland\",\"Burnley\",\"Hull\",\"QPR\\t\",\"Leicester\"]}]','','Who_will_win_English_Premier_League_in_20142015','2015-01-10 23:55:00','2015-05-23 23:58:00',5,'free'),(5,3,',82,','Viral ko group mein Rakhna hai?','This poll is a personal one and would like to know if its prefarable to still keep viral in the group?','[{\"qtn_id\":1,\"position\":1,\"qtn_type\":\"mcss\",\"qtn\":\"kya viral ko grp mein rakhna hai?\",\"rows\":[\"Yes\",\"No\"]}]','','Viral_ko_group_mein_Rakhna_hai','2015-01-01 18:24:00','2015-03-17 18:24:00',5,'free'),(6,1,',86,87,66,','Would you vote Arvind Kejriwal Or Kiran Bedi?','Poll for verifying what are the chances of Kejriwal against Bedi and vice versa','[{\"qtn_id\":1,\"position\":1,\"qtn_type\":\"mcss\",\"qtn\":\"Who would you vote for?\",\"rows\":[\"Arvind Kejriwal\",\"Kiran Bedi\"]}]','','Would_you_vote_Arvind_Kejriwal_Or_Kiran_Bedi','2015-01-24 21:08:00','2015-04-09 21:08:00',5,'free'),(7,3,',86,87,62,','What information are you willing to share with your government?','I am conducting this survey as a part of an ongoing research.\nI would like to know what kind of social information are you willing to share with your local government for better governance of the city.\nThis survey is under an assumption that the government is not trying to impose a censorship or track your data','[{\"qtn_id\":1,\"position\":1,\"qtn_type\":\"moc\",\"qtn\":\"Rate according to your willingness to share the following facebook data\",\"rows\":[\"Friend list\",\"email\",\"Hobbies\",\"Pages you have liked\",\"Your interests\"],\"columns\":[\"1\",\"2\",\"3\",\"4\",\"5\"]},{\"qtn_id\":2,\"position\":2,\"qtn_type\":\"momc\",\"qtn\":\"From twitter what are you willing to share?\",\"rows\":[\"Your tweets\",\"Your follow list\"],\"columns\":[\"Yes\",\"No\",\"Not on Twitter\"]},{\"qtn_id\":3,\"position\":3,\"qtn_type\":\"mcms\",\"qtn\":\"From professional networks like LinkedIn and Xing, what are you willing to share?\",\"rows\":[\"Skills\",\"Experience\",\"Job Profile\",\"Educational details\"]}]','','What_information_are_you_willing_to_share_with_your_government','2015-01-25 21:50:00','2015-05-30 21:50:00',5,'free'),(9,49,',45,33,','REAL MEMORIES NEED NOT BE SNAPPED','To Really Remember Something, Don\'t Take Pictures Of It','[{\"qtn_id\":1,\"position\":2,\"qtn_type\":\"tb\",\"qtn\":\"Photos were clicked for MEMORIES  but nowadays don\\u0027t you think people have started spending more time in capturing moments than enjoying them ?\"}]','','REAL_MEMORIES_NEED_NOT_BE_SNAPPED','2015-01-31 13:00:00','2015-02-28 12:29:00',5,'free'),(10,50,',34,','Science of SELF-REALIZATION','This is the science of understanding self and realizing what you are and what you should be.','[{\"qtn_id\":1,\"position\":1,\"qtn_type\":\"tb\",\"qtn\":\"What is the ultimate goal of your life?\"},{\"qtn_id\":2,\"position\":4,\"qtn_type\":\"mcss\",\"qtn\":\"What is that which controls you?\",\"rows\":[\"Brain\",\" Heart\"]},{\"qtn_id\":3,\"position\":4,\"qtn_type\":\"mcss\",\"qtn\":\"How do you feel when you see yourself in the mirror?\",\"rows\":[\"Confident \",\"Nervous \",\"Complex \",\"None of these\"]},{\"qtn_id\":4,\"position\":4,\"qtn_type\":\"mcss\",\"qtn\":\"What is that which you need more?\",\"rows\":[\"Money\",\"Respect\",\"Love\",\"Fame\"]}]','','Science_of_SELFREALIZATION','2015-01-31 23:36:00','2015-12-31 23:00:00',5,'free'),(12,3,',87,','which political party do you favor?','','[{\"qtn_id\":1,\"position\":1,\"qtn_type\":\"mcms\",\"qtn\":\"select \",\"rows\":[\"BJP\",\"AAP\",\"Congress\",\"Shiv Sena\",\"PDP\",\"NCP\"]}]','','which_political_party_do_you_favor','2015-01-31 21:14:00','2015-04-28 21:15:00',5,'free'),(13,5,',36,86,','AIB knockout review','This poll is to know how people felt after watching All India Backchod knockout','[{\"qtn_id\":1,\"position\":1,\"qtn_type\":\"mcss\",\"qtn\":\"Do you think bad words were used more than necessary just for publicity?\",\"rows\":[\"yes\",\"no\",\"cant say\"]},{\"qtn_id\":2,\"position\":2,\"qtn_type\":\"mcss\",\"qtn\":\"Would you like to watch such kind of show again?\",\"rows\":[\"Yes\",\"no\",\"May be\"]},{\"qtn_id\":3,\"position\":3,\"qtn_type\":\"mcss\",\"qtn\":\"Do u think any strict legal action should be taken agaisnt the AIB panel?\",\"rows\":[\"Yes\",\"no\",\"May be\"]},{\"qtn_id\":4,\"position\":4,\"qtn_type\":\"mcss\",\"qtn\":\"Do u think India\\u0027s tradition and culture are getting affected by such shows?\",\"rows\":[\"Yes \",\"No\",\"May be\"]},{\"qtn_id\":5,\"position\":5,\"qtn_type\":\"mcss\",\"qtn\":\"How would rate the AIB show on a scale of 5?   1 the least and 5 the best\",\"rows\":[\"1\",\"2\",\"3\",\"4\",\"5\"]},{\"qtn_id\":6,\"position\":6,\"qtn_type\":\"tb\",\"qtn\":\"Any comments on AIB\"}]','','AIB_knockout_review','2015-02-03 00:32:00','2016-01-03 00:32:00',5,'free');
/*!40000 ALTER TABLE `poll_tbl` ENABLE KEYS */;
UNLOCK TABLES;

--
-- Table structure for table `uid_cid_mapper`
--

DROP TABLE IF EXISTS `uid_cid_mapper`;
/*!40101 SET @saved_cs_client     = @@character_set_client */;
/*!40101 SET character_set_client = utf8 */;
CREATE TABLE `uid_cid_mapper` (
  `uid` int(11) NOT NULL,
  `cid` varchar(45) NOT NULL,
  `exp` int(11) NOT NULL,
  KEY `uid_cid_mapper_ibfk_1` (`uid`),
  CONSTRAINT `uid_cid_mapper_ibfk_1` FOREIGN KEY (`uid`) REFERENCES `login_tbl` (`uid`)
) ENGINE=InnoDB DEFAULT CHARSET=latin1;
/*!40101 SET character_set_client = @saved_cs_client */;

--
-- Dumping data for table `uid_cid_mapper`
--

LOCK TABLES `uid_cid_mapper` WRITE;
/*!40000 ALTER TABLE `uid_cid_mapper` DISABLE KEYS */;
INSERT INTO `uid_cid_mapper` VALUES (1,'77',0),(1,' 81',0),(1,' 5',0),(1,' 15',0),(1,' 14',0),(1,' 7',0),(1,' 86',50),(3,'77',0),(3,' 84',0),(3,' 83',10),(3,' 5',0),(3,' 15',0),(3,' 14',0),(3,' 7',0),(3,' 16',0),(3,' 6',0),(3,' 1',0),(4,'70',0),(4,' 16',0),(4,' 8',0),(4,' 1',0),(4,' 13',0),(4,' 2',0),(4,' 4',0),(4,' 62',0),(4,' 50',0),(4,' 57',0),(5,'84',0),(5,' 78',0),(5,' 42',0),(5,' 39',0),(5,' 44',0),(5,' 16',0),(5,' 15',0),(5,' 14',0),(5,' 1',0),(5,' 12',0),(5,' 13',0),(5,' 5',0),(5,' 26',0),(5,' 28',0),(5,' 61',0),(5,' 58',0),(5,' 59',0),(5,' 53',0),(5,' 50',0),(5,' 55',0),(6,'79',0),(6,' 83',0),(6,' 72',0),(6,' 70',0),(6,' 49',0),(6,' 42',0),(6,' 38',0),(6,' 86',30),(6,' 34',0),(6,' 64',0),(6,' 63',0),(6,' 29',0),(6,' 52',0),(6,' 16',0),(6,' 15',0),(6,' 1',0),(6,' 2',0),(6,' 4',0),(6,' 8',0),(6,' 7',0),(7,'14',0),(7,' 8',0),(7,' 6',0),(7,' 7',0),(7,' 16',0),(7,' 15',0),(7,' 12',0),(7,' 10',0),(7,' 17',0),(7,' 1',0),(7,' 2',0),(7,' 29',0),(7,' 30',0),(7,' 62',10),(7,' 63',0),(8,'86',0),(9,'39',0),(9,' 44',0),(9,' 43',0),(9,' 72',0),(9,' 37',0),(9,' 86',10),(9,' 87',10),(9,' 21',0),(9,' 19',0),(9,' 5',0),(9,' 7',0),(9,' 1',0),(9,' 12',0),(9,' 17',0),(10,'86',10),(11,'76',0),(11,' 48',0),(11,' 69',0),(11,' 66',0),(11,' 65',0),(11,' 63',0),(11,' 53',0),(11,' 19',0),(12,'86',10),(13,'84',0),(13,' 72',0),(13,' 73',0),(13,' 71',0),(13,' 70',0),(13,' 48',0),(13,' 37',0),(13,' 63',0),(13,' 7',0),(13,' 16',0),(13,' 2',0),(13,' 6',0),(13,' 22',0),(14,'86',0),(15,'86',0),(16,'86',10),(17,'86',10),(18,'86',30),(19,'86',10),(20,'86',0),(21,'86',0),(22,'86',10),(23,'86',10),(24,'86',40),(25,'86',0),(26,'86',0),(27,'86',10),(28,'86',10),(29,'86',10),(30,'86',10),(31,'86',10),(32,'86',10),(33,'86',10),(34,'86',10),(35,'86',0),(36,'86',10),(37,'86',10),(38,'86',0),(39,'86',10),(40,'86',20),(41,'86',0),(42,'86',0),(43,'86',10),(44,'86',0),(45,'86',10),(46,'86',10),(47,'86',10),(48,'86',10),(49,'86',20),(50,'86',60),(51,'86',10),(52,'86',10),(53,'86',10),(54,'86',0);
/*!40000 ALTER TABLE `uid_cid_mapper` ENABLE KEYS */;
UNLOCK TABLES;

--
-- Table structure for table `user_detail`
--

DROP TABLE IF EXISTS `user_detail`;
/*!40101 SET @saved_cs_client     = @@character_set_client */;
/*!40101 SET character_set_client = utf8 */;
CREATE TABLE `user_detail` (
  `uid` int(11) NOT NULL,
  `handle` varchar(45) NOT NULL,
  `username` varchar(100) DEFAULT NULL,
  `country` varchar(50) NOT NULL,
  `state` varchar(50) NOT NULL,
  `city` varchar(50) NOT NULL,
  `zip` varchar(10) NOT NULL,
  `religion` varchar(30) NOT NULL,
  `sex` varchar(10) NOT NULL,
  `dob` varchar(20) NOT NULL,
  `phone` varchar(30) NOT NULL,
  `profile_pic` varchar(500) DEFAULT NULL,
  UNIQUE KEY `idx_user_detail_handle` (`handle`),
  KEY `uid` (`uid`),
  CONSTRAINT `user_detail_ibfk_1` FOREIGN KEY (`uid`) REFERENCES `login_tbl` (`uid`)
) ENGINE=InnoDB DEFAULT CHARSET=latin1;
/*!40101 SET character_set_client = @saved_cs_client */;

--
-- Dumping data for table `user_detail`
--

LOCK TABLES `user_detail` WRITE;
/*!40000 ALTER TABLE `user_detail` DISABLE KEYS */;
INSERT INTO `user_detail` VALUES (51,'Abbs_King','Abbs King','','','','','','male','02/13/1931','','https://fbcdn-profile-a.akamaihd.net/hprofile-ak-xpa1/v/t1.0-1/p100x100/1391988_10152750951993750_666937376470761466_n.jpg?oh=c870f425c0ac8eb68257dd44d320eac6&oe=556EA979&__gda__=1432354756_437837203a8175438172e74182df030f'),(37,'Akshata_Bhat','Akshata Bhat','','','','','','female','04/12/1993','','https://fbcdn-profile-a.akamaihd.net/hprofile-ak-xpa1/v/t1.0-1/p100x100/10409203_744213022331173_4214454238800030616_n.jpg?oh=deacace9d932ec5e4236c1ce4e7012fc&oe=552290CF&__gda__=1431647858_ded7f3c30e8c909f102f23fb8ab8cf22'),(54,'Akshay_Pawar','Akshay Pawar','','','','','','male','09/07/1993','','https://fbcdn-profile-a.akamaihd.net/hprofile-ak-xpa1/v/t1.0-1/p100x100/10891977_897251336986012_2567104391470743096_n.jpg?oh=01743ca7139e557f7de122eb146f69b1&oe=556D23A7&__gda__=1431877402_3065c0ab05ae0d31f8b63f0b4dd26758'),(48,'Andreea_Balan','Andreea Balan','','','','','','female','07/13/1992','','https://fbcdn-profile-a.akamaihd.net/hprofile-ak-xfa1/v/t1.0-1/p100x100/420612_443640092386903_502945705_n.jpg?oh=1b774f2ad362c9bfa16fdcff1d93c134&oe=55569126&__gda__=1432593234_6c74a5a6792616a9a2efc939ace2d5d9'),(41,'Ankit_Sanghavi','Ankit Sanghavi','','','','','','male','09/10/1990','','https://fbcdn-profile-a.akamaihd.net/hprofile-ak-xaf1/v/t1.0-1/p100x100/10612749_795671410480882_4840012550750659651_n.jpg?oh=f822c1fdd62ae64ca9159a2360ef4583&oe=555E1E84&__gda__=1432280376_efd3a97ca7af313c6337524b70efaf1d'),(19,'Anuja_Supekar','Anuja Supekar','','','','','','female','07/13/1993','','https://m.ak.fbcdn.net/profile.ak/hprofile-ak-xpa1/v/t1.0-1/p100x100/10628443_507729919371464_7979085869036271313_n.jpg?oh=08b02d790ef93836c9592317a4774e78&oe=5525E7BF&__gda__=1432938242_6e63c6d6b7f9175c8651dae9a5110c3a'),(23,'Anuj_Modi','Anuj Modi','','','','','','male','08/31/1991','','https://fbcdn-profile-a.akamaihd.net/hprofile-ak-xfp1/v/t1.0-1/p100x100/10933957_10205616128380365_5910840395446564091_n.jpg?oh=8b7e5ba5269ecb68765b14abbafadc2e&oe=5562BEDE&__gda__=1428429641_faa106b6fb5181a424c15d01cadfa128'),(18,'Anush_Samanta','Anush Samanta','','','','','','male','03/14/1992','','https://fbcdn-profile-a.akamaihd.net/hprofile-ak-xfa1/v/t1.0-1/s100x100/299092_103972843039663_4257616_n.jpg?oh=8fdffee1308616a5edfd8d0590efcd50&oe=5522AE1C&__gda__=1432597493_547bcce22fb3ec6adfaa6e8b454cb0c0'),(25,'Bhagyesh_Dange','Bhagyesh Dange','','','','','','male','11/05/1997','','https://fbcdn-profile-a.akamaihd.net/hprofile-ak-xap1/v/t1.0-1/p100x100/10801497_767084883344529_4506511625294528113_n.jpg?oh=2e7863e415d2377a5551b9acb9537760&oe=55275A05&__gda__=1432541696_e4a4aa080a2f2ba75cde16b9eb0e3a41'),(28,'Denis_Kulek','Denis Kul?ek','','','','','','male','05/13/1992','','https://fbcdn-profile-a.akamaihd.net/hprofile-ak-xpa1/v/t1.0-1/p100x100/10628552_10205003649956756_2095294633038632922_n.jpg?oh=1cb918c067a8f0ad2c7cabb1ab00cceb&oe=5529605A&__gda__=1431844299_ecfdceca43c1eeaaefa8550c89a9fe33'),(10,'gmail','Silky Shah','','','','','','female','09/22/1991','','undefined'),(39,'Harold_Wren','Harold Wren','','','','','','male','09/07/1993','','https://fbcdn-profile-a.akamaihd.net/hprofile-ak-xaf1/v/t1.0-1/p100x100/995580_1381172908801304_1892693161_n.jpg?oh=5612524a97b82ec8a02ed0b94b620d85&oe=5568ACDF&__gda__=1433171786_a7453edf6ae79ff8b69da688c09d06b0'),(21,'Javed_Khatri','Javed Khatri','','','','','','male','12/22/1993','','https://fbcdn-profile-a.akamaihd.net/hprofile-ak-xap1/v/t1.0-1/p100x100/10847967_980745068620296_2829349185112409569_n.jpg?oh=6f703ab0caabaa9843acab311f08de3c&oe=556F9459&__gda__=1428548444_0ad523b4dfde1f04534b26e3199b1a6a'),(42,'Karan_Ghadigaonkar','Karan Ghadigaonkar','','','','','','male','03/21/1994','','https://fbcdn-profile-a.akamaihd.net/hprofile-ak-xfp1/v/t1.0-1/p100x100/10606125_553714268063486_2786129316735131088_n.jpg?oh=428b79ff3ff5d76fe05dd2e7b577af06&oe=55269853&__gda__=1432881720_8fd37925effc7e87ca448ebcee2bdd5c'),(1,'khaleesi','Karina Mady','','','','','','female','02/27/1992','','https://fbcdn-profile-a.akamaihd.net/hprofile-ak-xpa1/v/t1.0-1/p100x100/10568797_684416348313454_5592091080339068945_n.jpg?oh=808929e53d27729c61f1df31f44bde89&oe=553CF22A&__gda__=1433263255_fbe8b1254afe15693f0f5f0bc6864ffc'),(44,'Laura_Gabriela','Laura Gabriela','','','','','','female','12/08/1992','','https://fbcdn-profile-a.akamaihd.net/hprofile-ak-xpa1/v/t1.0-1/p100x100/1521424_872615042791398_3385387479607636849_n.jpg?oh=aa34a0f264cd722abe55ef48a333d4b6&oe=555EB7FA&__gda__=1432496837_f39fffa979abef741ab29368d5260470'),(46,'Lorena_Lre','Lorena Lre','','','','','','female','09/21/1995','','https://fbcdn-profile-a.akamaihd.net/hprofile-ak-xap1/v/t1.0-1/p100x100/10933943_822524427813269_8157060523060475013_n.jpg?oh=1e0cb53021084cd0bcc22447b9755876&oe=55627367&__gda__=1428454754_356a4f16ee1c30084ef5a0110c80c5cd'),(38,'Madhura_Nagaonkar','Madhura Nagaonkar','','','','','','female','05/01/1993','','https://fbcdn-profile-a.akamaihd.net/hprofile-ak-prn2/v/t1.0-1/s100x100/10659234_719398658154033_368513367659941474_n.jpg?oh=472c4d570a0ce7e1d2e729c97b5b51a2&oe=5563D2F1&__gda__=1431579702_c8eb5b7d6f68b5ce9728d90af46fe8c4'),(22,'Mrunmayee_Sunil_Datar','Mrunmayee Sunil Datar','','','','','','female','04/21/1991','','https://fbcdn-profile-a.akamaihd.net/hprofile-ak-xfp1/v/t1.0-1/p100x100/10347627_10152767188723303_1486892883736999650_n.jpg?oh=06839ebf2db48713c0aa6171c13fe766&oe=555825F5&__gda__=1432174434_25be6fef647f93fcb82ee59b67f335f0'),(40,'Mufaddal_Dahodwala','Mufaddal Dahodwala','','','','','','male','01/18/1990','','https://fbcdn-profile-a.akamaihd.net/hprofile-ak-xfa1/v/t1.0-1/p100x100/1238212_10152650273083441_7326776697168294428_n.jpg?oh=8b3adf7034dad9ff1dd74cb0b959179c&oe=5522F70F&__gda__=1432901443_093f3f05d15c7703f29629649e9b24b5'),(47,'Neculai_Andrei_Stefan','Neculai Andrei Stefan','','','','','','male','04/29/1993','','https://fbcdn-profile-a.akamaihd.net/hprofile-ak-prn2/v/t1.0-1/p100x100/10891991_752051368198553_305056887450118923_n.jpg?oh=73ce1e4e40d45bcf3cbb70a31ea9ee87&oe=5568B2FF&__gda__=1431536440_4ba39d23049414175e70e0fec003c0ee'),(12,'pradyotmokashi','Pradyot Mokashi','','','','','','male','06/03/1990','','https://fbcdn-profile-a.akamaihd.net/hprofile-ak-xap1/v/t1.0-1/p100x100/10622813_10152888080280428_4903578855727816660_n.jpg?oh=bd14a131c0d0c308071de37c736480b7&oe=556DAA4E&__gda__=1429346971_358d6689392f5f669481a927791ef06f'),(26,'Ross_Geller','Ross Geller','','','','','','male','09/04/1980','','https://fbcdn-profile-a.akamaihd.net/hprofile-ak-xfa1/v/t1.0-1/s100x100/10246762_10150002153078576_3879785876013526144_n.jpg?oh=708eba1686aec88ae2e6071a55453b4a&oe=55699ACA&__gda__=1432447226_bb78e3a2bf42c3e3b754216c3d944665'),(13,'sagargala56','Sagar Gala','','','','','','male','11/16/1991','','undefined'),(17,'Sakina_Dhinojwala','Sakina Dhinojwala','','','','','','female','01/05/1996','','https://fbcdn-profile-a.akamaihd.net/hprofile-ak-xpa1/v/t1.0-1/p100x100/10922857_830963213628579_8352892902398524018_n.jpg?oh=bdfc17d05f97e7fa90973abe4a914b14&oe=55283476&__gda__=1431612875_9903976da85c5ced2291fbd65b6ace3f'),(43,'Sayali_Kothari','Sayali Kothari','','','','','','female','04/02/1990','','https://fbcdn-profile-a.akamaihd.net/hprofile-ak-xpf1/v/t1.0-1/p100x100/1507678_1015124141834283_3941099031756176709_n.jpg?oh=81d4a404fc536fc8fa6a7114090d6be1&oe=554E3D1E&__gda__=1428322552_e127a833f427d73eac603298475db9da'),(7,'sbs','Soumyabhusan Sasmal','','','','','','male','12/11/1992','','https://fbcdn-profile-a.akamaihd.net/hprofile-ak-xfa1/v/t1.0-1/p100x100/296754_180977578639309_2865660_n.jpg?oh=115105d4c87a24e33c6dda0c4679e91c&oe=556AA454&__gda__=1428808637_5e1eac1f7e7141b97dbe5e543beeeef1'),(45,'Sby_Alexa','Sby Alexa','','','','','','female','10/27/1993','','https://fbcdn-profile-a.akamaihd.net/hprofile-ak-xpf1/v/t1.0-1/p100x100/10857880_623522147794110_1082753620807593731_n.jpg?oh=f8ef6530e5d8a569d2666c06104014d6&oe=55677878&__gda__=1432597150_43ad89350624d9e1b16b5ce7b78dd8a4'),(32,'Sean_Bragana','Sean Bragana','','','','','','male','12/07/1993','','https://fbcdn-profile-a.akamaihd.net/hprofile-ak-xpf1/v/t1.0-1/p100x100/10403638_898660426811027_7547958677474594360_n.jpg?oh=cc833afe7e63395e98279a7c0634aea9&oe=55611B80&__gda__=1431827814_400e222f11fe8febf578931974d2b1fb'),(27,'Seena_Gregory','Seena Gregory','','','','','','female','03/07/1991','','https://fbcdn-profile-a.akamaihd.net/hprofile-ak-xpf1/v/t1.0-1/p100x100/10931242_902423786437003_2308489739029021954_n.jpg?oh=8bd6c506de2d2d579a37112cde160f34&oe=55663D7C&__gda__=1432453274_c862f3832a17cc396ba43fd959b42003'),(5,'seo','Seo Gregory','','','','','','male','09/28/1993','','https://fbcdn-profile-a.akamaihd.net/hprofile-ak-xpa1/v/t1.0-1/s100x100/10409610_924556707570991_1276601578878153775_n.jpg?oh=97f9f8ec02b0ca6888335c1b47e89f48&oe=556F8672&__gda__=1433159119_ba94b426d4c0f0b4c3fa05b392405b08'),(4,'shardul94','Shardul Mahadik','','','','','','male','05/25/1994','','https://fbcdn-profile-a.akamaihd.net/hprofile-ak-xpf1/v/t1.0-1/s100x100/10463959_10152491125219875_7633190989207459300_n.jpg?oh=e5200db5024931761d9e84eb35129172&oe=5527969B&__gda__=1432972259_dba572df29bec7f26dda36e12428b852'),(9,'shiny','Shiny Gregory','','','','','','female','07/18/1969','','https://fbcdn-profile-a.akamaihd.net/hprofile-ak-xaf1/v/t1.0-1/s100x100/425346_118039981655407_145468087_n.jpg?oh=f32f68e3c8115d50c5e7cfb079f58f22&oe=552989B3&__gda__=1428862527_ed85621f4ff321a80b02528099e3cc74'),(8,'ShraddhaE','Shraddha Eswaran','','','','','','female','06/27/1990','','https://fbcdn-profile-a.akamaihd.net/hprofile-ak-xaf1/v/t1.0-1/p100x100/10308724_10204902295708937_8833198376414465389_n.jpg?oh=2c834a00bdaf1c1e9d409edd79dbe7f9&oe=55327A14&__gda__=1432901263_66517c10688ead435658c20e50f5ac33'),(24,'Shubham_Langer','Shubham Langer','','','','','','male','05/19/1993','','https://fbcdn-profile-a.akamaihd.net/hprofile-ak-xap1/v/t1.0-1/p100x100/1233973_4960341223891_6637804335183436874_n.jpg?oh=0ff5dabb33109bc341557dfc1198c67a&oe=5569E6C4&__gda__=1432692070_0c3bf45fc73fab81b4c4e83053c2c006'),(34,'Sonali_Deo','Sonali Deo','','','','','','female','03/04/1992','','https://fbcdn-profile-a.akamaihd.net/hprofile-ak-xpa1/v/t1.0-1/p100x100/10390890_10204444055314885_3412512145377711302_n.jpg?oh=aedb31848224e22d010fc32e3dbf83c3&oe=5555A083&__gda__=1431431186_520d98c4be4e0a9de323a2cde7af18d7'),(29,'Stefano_Imoscopi','Stefano Imoscopi','','','','','','male','05/17/1992','','https://fbcdn-profile-a.akamaihd.net/hprofile-ak-xaf1/v/t1.0-1/s100x100/313487_10200835746005777_1501331259_n.jpg?oh=b5e4857457b6efc2a34f1197fce1d533&oe=5529D8D8&__gda__=1428307861_5857ea59712daa4bb0ae54bc79640356'),(50,'Supriya_Phukan','Supriya Phukan','','','','','','female','04/05/1994','','https://fbcdn-profile-a.akamaihd.net/hprofile-ak-xfa1/v/t1.0-1/p100x100/1379584_771033232983763_3875231575062968574_n.jpg?oh=8e0e411b41a53725cbbb6c1e479f53c6&oe=555B2CE4&__gda__=1433163874_71f2960693f31c58cd58c86c99355bba'),(36,'Surashree_Kulkarni','Surashree Kulkarni','','','','','','female','06/29/1992','','https://fbcdn-profile-a.akamaihd.net/hprofile-ak-xfa1/v/t1.0-1/p100x100/1620363_10205214662023048_9126093358278165987_n.jpg?oh=7c7efba6fe5a2627f098aafcf21cf88d&oe=5562B35D&__gda__=1433145361_dee5c1b19d67c1030049e042119224f9'),(49,'Sushant_Choudhary','Sushant Choudhary','','','','','','male','12/20/1993','','https://m.ak.fbcdn.net/profile.ak/hprofile-ak-ash2/v/t1.0-1/s100x100/563429_288757787888277_1091398897_n.jpg?oh=35425a3bca97e22e63abfcd957d4eb6a&oe=556394C2&__gda__=1431933042_ef9892b5193afe6a476ec54ec99f98e0'),(35,'Sushant_Gaikwad','Sushant Gaikwad','','','','','','male','11/15/1993','','https://fbcdn-profile-a.akamaihd.net/hprofile-ak-xpf1/v/t1.0-1/p100x100/1509018_755766487839626_6512390430456438990_n.jpg?oh=3490a49da525f86faff9c7e8ff581f0d&oe=5554B845&__gda__=1432969002_8d3d44ba86c10f97890ca7a007778c2e'),(16,'swapya','Swapnil Sutar','','','','','','male','11/09/1992','','https://fbcdn-profile-a.akamaihd.net/hprofile-ak-xpf1/v/t1.0-1/p100x100/10806192_10203161202012245_4878870942039187675_n.jpg?oh=8d109bbf94889027dfad020148137c71&oe=5526934C&__gda__=1432855092_b02b15c6cd7cf9b49ca2453bb513df8a'),(3,'taha','Taha Kachwala','','','','','','male','05/29/1992','','https://fbcdn-profile-a.akamaihd.net/hprofile-ak-xaf1/v/t1.0-1/s100x100/10363677_10155035526880422_3795994739921559317_n.jpg?oh=a4c82849c5a823a04fd86a45b04d5dee&oe=55274829&__gda__=1428662962_beba81e75176343386ee7a6418282854'),(33,'Tanvi_Vira','Tanvi Vira','','','','','','female','05/26/1991','','https://fbcdn-profile-a.akamaihd.net/hprofile-ak-xfa1/v/t1.0-1/p100x100/10556381_805941522805993_7212829919521325001_n.jpg?oh=a829eae54175ede196341d5323abcf85&oe=55575E98&__gda__=1433021457_2220b384db247d22927a9f31788a0ad0'),(53,'Tigran_Mkhoyan','Tigran Mkhoyan','','','','','','male','10/08/1986','','https://fbcdn-profile-a.akamaihd.net/hprofile-ak-xpf1/v/t1.0-1/p100x100/10176162_10204536423587060_5670898787053101588_n.jpg?oh=15951f0f440a58ac144faccbf1a6f064&oe=5552BCEA&__gda__=1432444050_88ca5888f48954a78e54d72436b7b47e'),(6,'tk26','Tejas Kumthekar','','','','','','male','11/26/1993','','https://fbcdn-profile-a.akamaihd.net/hprofile-ak-xpf1/v/t1.0-1/p100x100/10599724_695316197204178_1513763077910393162_n.jpg?oh=b02470b752a7fd59223ca95cee220b00&oe=556D2290&__gda__=1433298294_d869ffb0acf0a9f6a0590986fff7b525'),(14,'tluck','Tilak Kakkad','','','','','','male','03/20/1992','','https://m.ak.fbcdn.net/profile.ak/hprofile-ak-xfa1/v/t1.0-1/s100x100/10845918_10202233861128533_5083155090093588345_n.jpg?oh=433472c72ea2d8fbdcfc0e7d8b76c094&oe=5535F360&__gda__=1433205072_ad3f09cc48831310dd2a162d24794a5d'),(31,'Vaibhavi_Haria','Vaibhavi Haria','','','','','','female','12/27/1993','','https://fbcdn-profile-a.akamaihd.net/hprofile-ak-xfp1/v/t1.0-1/p100x100/1964950_1021263337899147_7319068416501630794_n.jpg?oh=e089a026b3e630cf38de275ada79ccb5&oe=5525E014&__gda__=1433327231_290dc0451257d1e4a70da5eeb371ca65'),(20,'Vikrant_Shinde','Vikrant Shinde','','','','','','male','10/08/1993','','https://fbcdn-profile-a.akamaihd.net/hprofile-ak-xaf1/v/t1.0-1/p100x100/10388630_10202159206901555_1883278919834776972_n.jpg?oh=b1a3d212bfb28ab4070fa68b8058dcf7&oe=55618678&__gda__=1432920803_02e880013da9b67c82a053be762a02e2'),(15,'vin','Vineet Nanavati','','','','','','male','12/21/1991','','https://fbcdn-profile-a.akamaihd.net/hprofile-ak-xfa1/v/t1.0-1/s100x100/1491664_10202802078271623_2032915083_n.jpg?oh=97a220d8b2711bc32d30e1f4d43c46a0&oe=5568D062&__gda__=1433167681_fcf5ac54661cae76b9cb3936e86e8ae9'),(11,'VishalK','Vishal Kokate','','','','','','male','06/11/1992','','https://fbcdn-profile-a.akamaihd.net/hprofile-ak-xpa1/v/t1.0-1/p100x100/16457_911744812169644_9183921756389804877_n.jpg?oh=40551a4ec5c290cea5886a7dfd376187&oe=552C83A8&__gda__=1428412539_0cf4c05a93d18b4950ab5fd14b3bde6d'),(52,'Yogendra_Shelke','Yogendra Shelke','','','','','','male','10/16/1992','','https://fbcdn-profile-a.akamaihd.net/hprofile-ak-xap1/v/t1.0-1/p100x100/15786_745493245522837_4004572416190588112_n.jpg?oh=f79e16cf984b95c0f17041a4f7e7fff1&oe=555470D7&__gda__=1432697717_d17bb6403b121e227d90e33140170fad'),(30,'Yonathan_Antonio','Yonathan Antonio','','','','','','male','05/08/1989','','https://fbcdn-profile-a.akamaihd.net/hprofile-ak-xpa1/v/t1.0-1/p100x100/10881503_10152888497841328_5619159188156304710_n.jpg?oh=c3cac37684a7830f8027751e2951e856&oe=55547941&__gda__=1431587280_b3bd5f66fc81151ff0fdc5c567ad928a');
/*!40000 ALTER TABLE `user_detail` ENABLE KEYS */;
UNLOCK TABLES;

--
-- Table structure for table `user_store`
--

DROP TABLE IF EXISTS `user_store`;
/*!40101 SET @saved_cs_client     = @@character_set_client */;
/*!40101 SET character_set_client = utf8 */;
CREATE TABLE `user_store` (
  `uid` int(11) NOT NULL,
  `category_list_json` varchar(1000) NOT NULL,
  `exp_json` varchar(5000) NOT NULL,
  `fish` int(11) NOT NULL,
  `lc` timestamp NOT NULL DEFAULT CURRENT_TIMESTAMP ON UPDATE CURRENT_TIMESTAMP,
  UNIQUE KEY `idx_user_store_uid` (`uid`),
  KEY `uid` (`uid`),
  CONSTRAINT `user_store_ibfk_1` FOREIGN KEY (`uid`) REFERENCES `login_tbl` (`uid`)
) ENGINE=InnoDB DEFAULT CHARSET=latin1;
/*!40101 SET character_set_client = @saved_cs_client */;

--
-- Dumping data for table `user_store`
--

LOCK TABLES `user_store` WRITE;
/*!40000 ALTER TABLE `user_store` DISABLE KEYS */;
INSERT INTO `user_store` VALUES (1,'[77, 81, 5, 15, 14, 7, 86]','[{\"cid\":77,\"exp\":1000},{\"cid\":81,\"exp\":1000},{\"cid\":5,\"exp\":1000},{\"cid\":15,\"exp\":1000},{\"cid\":14,\"exp\":1000},{\"cid\":7,\"exp\":1000},{\"cid\":86,\"exp\":1000}]',1009,'2015-01-31 17:22:19'),(3,'[77, 84, 83, 5, 15, 14, 7, 16, 6, 1]','[{\"cid\":77,\"exp\":1000},{\"cid\":84,\"exp\":1000},{\"cid\":83,\"exp\":1000},{\"cid\":5,\"exp\":1000},{\"cid\":15,\"exp\":1000},{\"cid\":14,\"exp\":1000},{\"cid\":7,\"exp\":1000},{\"cid\":16,\"exp\":1000},{\"cid\":6,\"exp\":1000},{\"cid\":1,\"exp\":1000}]',1061,'2015-02-02 18:43:30'),(4,'[70, 16, 8, 1, 13, 2, 4, 62, 50, 57]','[{\"cid\":70,\"exp\":1000},{\"cid\":16,\"exp\":1000},{\"cid\":8,\"exp\":1000},{\"cid\":1,\"exp\":1000},{\"cid\":13,\"exp\":1000},{\"cid\":2,\"exp\":1000},{\"cid\":4,\"exp\":1000},{\"cid\":62,\"exp\":1000},{\"cid\":50,\"exp\":1000},{\"cid\":57,\"exp\":1000}]',1000,'2015-01-12 06:04:26'),(5,'[84, 78, 42, 39, 44, 16, 15, 14, 1, 12, 13, 5, 26, 28, 61, 58, 59, 53, 50, 55]','[{\"cid\":84,\"exp\":1000},{\"cid\":78,\"exp\":1000},{\"cid\":42,\"exp\":1000},{\"cid\":39,\"exp\":1000},{\"cid\":44,\"exp\":1000},{\"cid\":16,\"exp\":1000},{\"cid\":15,\"exp\":1000},{\"cid\":14,\"exp\":1000},{\"cid\":1,\"exp\":1000},{\"cid\":12,\"exp\":1000},{\"cid\":13,\"exp\":1000},{\"cid\":5,\"exp\":1000},{\"cid\":26,\"exp\":1000},{\"cid\":28,\"exp\":1000},{\"cid\":61,\"exp\":1000},{\"cid\":58,\"exp\":1000},{\"cid\":59,\"exp\":1000},{\"cid\":53,\"exp\":1000},{\"cid\":50,\"exp\":1000},{\"cid\":55,\"exp\":1000}]',1016,'2015-02-02 19:20:24'),(6,'[79, 83, 72, 70, 49, 42, 38, 86, 34, 64, 63, 29, 52, 16, 15, 1, 2, 4, 8, 7]','[{\"cid\":79,\"exp\":1000},{\"cid\":83,\"exp\":1000},{\"cid\":72,\"exp\":1000},{\"cid\":70,\"exp\":1000},{\"cid\":49,\"exp\":1000},{\"cid\":42,\"exp\":1000},{\"cid\":38,\"exp\":1000},{\"cid\":86,\"exp\":1000},{\"cid\":34,\"exp\":1000},{\"cid\":64,\"exp\":1000},{\"cid\":63,\"exp\":1000},{\"cid\":29,\"exp\":1000},{\"cid\":52,\"exp\":1000},{\"cid\":16,\"exp\":1000},{\"cid\":15,\"exp\":1000},{\"cid\":1,\"exp\":1000},{\"cid\":2,\"exp\":1000},{\"cid\":4,\"exp\":1000},{\"cid\":8,\"exp\":1000},{\"cid\":7,\"exp\":1000}]',1017,'2015-02-02 06:34:49'),(7,'[14, 8, 6, 7, 16, 15, 12, 10, 17, 1, 2, 29, 30, 62, 63]','[{\"cid\":14,\"exp\":1000},{\"cid\":8,\"exp\":1000},{\"cid\":6,\"exp\":1000},{\"cid\":7,\"exp\":1000},{\"cid\":16,\"exp\":1000},{\"cid\":15,\"exp\":1000},{\"cid\":12,\"exp\":1000},{\"cid\":10,\"exp\":1000},{\"cid\":17,\"exp\":1000},{\"cid\":1,\"exp\":1000},{\"cid\":2,\"exp\":1000},{\"cid\":29,\"exp\":1000},{\"cid\":30,\"exp\":1000},{\"cid\":62,\"exp\":1000},{\"cid\":63,\"exp\":1000}]',1000,'2015-01-13 18:41:02'),(8,'[86]','[{\"cid\":86,\"exp\":1000}]',1000,'2015-01-13 22:20:39'),(9,'[39, 44, 43, 72, 37, 86, 87, 21, 19, 5, 7, 1, 12, 17]','[{\"cid\":39,\"exp\":1000},{\"cid\":44,\"exp\":1000},{\"cid\":43,\"exp\":1000},{\"cid\":72,\"exp\":1000},{\"cid\":37,\"exp\":1000},{\"cid\":86,\"exp\":1000},{\"cid\":87,\"exp\":1000},{\"cid\":21,\"exp\":1000},{\"cid\":19,\"exp\":1000},{\"cid\":5,\"exp\":1000},{\"cid\":7,\"exp\":1000},{\"cid\":1,\"exp\":1000},{\"cid\":12,\"exp\":1000},{\"cid\":17,\"exp\":1000}]',1000,'2015-01-15 14:27:09'),(10,'[86]','[{\"cid\":86,\"exp\":1000}]',1000,'2015-01-15 17:55:47'),(11,'[76, 48, 69, 66, 65, 63, 53, 19]','[{\"cid\":76,\"exp\":1000},{\"cid\":48,\"exp\":1000},{\"cid\":69,\"exp\":1000},{\"cid\":66,\"exp\":1000},{\"cid\":65,\"exp\":1000},{\"cid\":63,\"exp\":1000},{\"cid\":53,\"exp\":1000},{\"cid\":19,\"exp\":1000}]',1000,'2015-01-15 18:29:11'),(12,'[86]','[{\"cid\":86,\"exp\":1000}]',1000,'2015-01-16 03:26:25'),(13,'[84, 72, 73, 71, 70, 48, 37, 63, 7, 16, 2, 6, 22]','[{\"cid\":84,\"exp\":1000},{\"cid\":72,\"exp\":1000},{\"cid\":73,\"exp\":1000},{\"cid\":71,\"exp\":1000},{\"cid\":70,\"exp\":1000},{\"cid\":48,\"exp\":1000},{\"cid\":37,\"exp\":1000},{\"cid\":63,\"exp\":1000},{\"cid\":7,\"exp\":1000},{\"cid\":16,\"exp\":1000},{\"cid\":2,\"exp\":1000},{\"cid\":6,\"exp\":1000},{\"cid\":22,\"exp\":1000}]',1000,'2015-01-16 04:36:00'),(14,'[86]','[{\"cid\":86,\"exp\":1000}]',1000,'2015-01-16 19:22:29'),(15,'[86]','[{\"cid\":86,\"exp\":1000}]',1000,'2015-01-17 07:38:19'),(16,'[86]','[{\"cid\":86,\"exp\":1000}]',1000,'2015-01-17 08:52:40'),(17,'[86]','[{\"cid\":86,\"exp\":1000}]',0,'2015-01-25 17:35:45'),(18,'[86]','[{\"cid\":86,\"exp\":1000}]',0,'2015-01-26 03:28:24'),(19,'[86]','[{\"cid\":86,\"exp\":1000}]',0,'2015-01-26 04:34:21'),(20,'[86]','[{\"cid\":86,\"exp\":1000}]',0,'2015-01-26 05:13:38'),(21,'[86]','[{\"cid\":86,\"exp\":1000}]',0,'2015-01-26 05:48:41'),(22,'[86]','[{\"cid\":86,\"exp\":1000}]',0,'2015-01-26 06:29:21'),(23,'[86]','[{\"cid\":86,\"exp\":1000}]',0,'2015-01-26 11:15:18'),(24,'[86]','[{\"cid\":86,\"exp\":1000}]',0,'2015-01-26 11:21:21'),(25,'[86]','[{\"cid\":86,\"exp\":1000}]',0,'2015-01-26 12:21:14'),(26,'[86]','[{\"cid\":86,\"exp\":1000}]',0,'2015-01-26 17:44:23'),(27,'[86]','[{\"cid\":86,\"exp\":1000}]',0,'2015-01-26 18:28:09'),(28,'[86]','[{\"cid\":86,\"exp\":1000}]',0,'2015-01-26 21:27:07'),(29,'[86]','[{\"cid\":86,\"exp\":1000}]',0,'2015-01-26 21:32:43'),(30,'[86]','[{\"cid\":86,\"exp\":1000}]',0,'2015-01-26 21:52:11'),(31,'[86]','[{\"cid\":86,\"exp\":1000}]',0,'2015-01-27 08:17:32'),(32,'[86]','[{\"cid\":86,\"exp\":1000}]',0,'2015-01-27 09:11:09'),(33,'[86]','[{\"cid\":86,\"exp\":1000}]',0,'2015-01-27 12:01:54'),(34,'[86]','[{\"cid\":86,\"exp\":1000}]',0,'2015-01-27 13:57:19'),(35,'[86]','[{\"cid\":86,\"exp\":1000}]',0,'2015-01-27 14:08:34'),(36,'[86]','[{\"cid\":86,\"exp\":1000}]',0,'2015-01-27 15:05:42'),(37,'[86]','[{\"cid\":86,\"exp\":1000}]',0,'2015-01-27 16:28:33'),(38,'[86]','[{\"cid\":86,\"exp\":1000}]',0,'2015-01-27 17:19:15'),(39,'[86]','[{\"cid\":86,\"exp\":1000}]',0,'2015-01-28 03:47:48'),(40,'[86]','[{\"cid\":86,\"exp\":1000}]',8,'2015-01-31 17:16:51'),(41,'[86]','[{\"cid\":86,\"exp\":1000}]',0,'2015-01-28 18:38:57'),(42,'[86]','[{\"cid\":86,\"exp\":1000}]',0,'2015-01-29 07:14:41'),(43,'[86]','[{\"cid\":86,\"exp\":1000}]',0,'2015-01-30 09:24:22'),(44,'[86]','[{\"cid\":86,\"exp\":1000}]',0,'2015-01-30 10:44:54'),(45,'[86]','[{\"cid\":86,\"exp\":1000}]',0,'2015-01-30 10:45:21'),(46,'[86]','[{\"cid\":86,\"exp\":1000}]',0,'2015-01-30 11:08:10'),(47,'[86]','[{\"cid\":86,\"exp\":1000}]',0,'2015-01-30 14:22:39'),(48,'[86]','[{\"cid\":86,\"exp\":1000}]',0,'2015-01-30 15:12:57'),(49,'[86]','[{\"cid\":86,\"exp\":1000}]',-4,'2015-01-31 18:32:36'),(50,'[86]','[{\"cid\":86,\"exp\":1000}]',-12,'2015-02-02 19:05:16'),(51,'[86]','[{\"cid\":86,\"exp\":1000}]',0,'2015-01-31 17:17:15'),(52,'[86]','[{\"cid\":86,\"exp\":1000}]',0,'2015-02-02 06:33:18'),(53,'[86]','[{\"cid\":86,\"exp\":1000}]',0,'2015-02-02 13:51:15'),(54,'[86]','[{\"cid\":86,\"exp\":1000}]',0,'2015-02-02 17:09:25');
/*!40000 ALTER TABLE `user_store` ENABLE KEYS */;
UNLOCK TABLES;

--
-- Dumping routines for database 'pollican'
--
/*!50003 DROP PROCEDURE IF EXISTS `createPoll` */;
/*!50003 SET @saved_cs_client      = @@character_set_client */ ;
/*!50003 SET @saved_cs_results     = @@character_set_results */ ;
/*!50003 SET @saved_col_connection = @@collation_connection */ ;
/*!50003 SET character_set_client  = utf8 */ ;
/*!50003 SET character_set_results = utf8 */ ;
/*!50003 SET collation_connection  = utf8_general_ci */ ;
/*!50003 SET @saved_sql_mode       = @@sql_mode */ ;
/*!50003 SET sql_mode              = 'NO_AUTO_VALUE_ON_ZERO' */ ;
DELIMITER ;;
CREATE DEFINER=`root`@`localhost` PROCEDURE `createPoll`(IN `uid_i` INT(11), IN `cid_json_i` VARCHAR(30), IN `title_i` VARCHAR(100), IN `description_i` VARCHAR(500), IN `qtn_json_i` VARCHAR(1000), IN `ans_json_i` VARCHAR(1000), IN `poll_link_i` VARCHAR(100), IN `start_ts_i` TIMESTAMP, IN `end_ts_i` TIMESTAMP, IN `reward_i` INT(11), IN `poll_type_i` VARCHAR(30))
BEGIN
Declare pid_d int;
 DECLARE x  INT;
    DECLARE stri VARCHAR(3);
 DECLARE C  INT;
	DECLARE wobr  VARCHAR(100);
    
insert into poll_tbl(uid,cid_json,title,description,qtn_json,ans_json,poll_link,start_ts,end_ts,reward,poll_type) values(uid_i,cid_json_i,title_i,description_i,qtn_json_i,ans_json_i,poll_link_i,start_ts_i,end_ts_i,reward_i,poll_type_i);

SET pid_d = LAST_INSERT_ID();

 
SET x = 1;
    SET stri="";
    SET C =(LENGTH(cid_json_i)-LENGTH(REPLACE(cid_json_i ,',', '')));
    SET C = C+1;
    SET wobr=(substring(cid_json_i,2,LENGTH(cid_json_i)-2));
    WHILE x <= C DO
    SET stri = replace(substring(substring_index(wobr, ',',x),length(substring_index(wobr, ',' , x - 1)) + 1), ',', '');
    if length(stri) > 0 then
    INSERT INTO pid_cid_mapper (pid, cid) VALUES (pid_d, stri);
    end if;
    SET  x = x + 1;
    END WHILE;
END ;;
DELIMITER ;
/*!50003 SET sql_mode              = @saved_sql_mode */ ;
/*!50003 SET character_set_client  = @saved_cs_client */ ;
/*!50003 SET character_set_results = @saved_cs_results */ ;
/*!50003 SET collation_connection  = @saved_col_connection */ ;
/*!50003 DROP PROCEDURE IF EXISTS `createPoll2` */;
/*!50003 SET @saved_cs_client      = @@character_set_client */ ;
/*!50003 SET @saved_cs_results     = @@character_set_results */ ;
/*!50003 SET @saved_col_connection = @@collation_connection */ ;
/*!50003 SET character_set_client  = utf8 */ ;
/*!50003 SET character_set_results = utf8 */ ;
/*!50003 SET collation_connection  = utf8_general_ci */ ;
/*!50003 SET @saved_sql_mode       = @@sql_mode */ ;
/*!50003 SET sql_mode              = 'NO_AUTO_VALUE_ON_ZERO' */ ;
DELIMITER ;;
CREATE DEFINER=`root`@`localhost` PROCEDURE `createPoll2`(IN `uid_i` INT(11), IN `cid_json_i` VARCHAR(30), IN `title_i` VARCHAR(100), IN `description_i` VARCHAR(500), IN `qtn_json_i` VARCHAR(1000), IN `ans_json_i` VARCHAR(1000), IN `poll_link_i` VARCHAR(100), IN `start_ts_i` TIMESTAMP, IN `end_ts_i` TIMESTAMP, IN `reward_i` INT(11), IN `poll_type_i` VARCHAR(30), OUT `pid_o` INT(11))
BEGIN
Declare pid_d int;
 DECLARE x  INT;
    DECLARE stri VARCHAR(3);
 DECLARE C  INT;
	DECLARE wobr  VARCHAR(100);
    
insert into poll_tbl(uid,cid_json,title,description,qtn_json,ans_json,poll_link,start_ts,end_ts,reward,poll_type) values(uid_i,cid_json_i,title_i,description_i,qtn_json_i,ans_json_i,poll_link_i,start_ts_i,end_ts_i,reward_i,poll_type_i);

SET pid_d = LAST_INSERT_ID();

 
SET x = 1;
    SET stri="";
    SET C =(LENGTH(cid_json_i)-LENGTH(REPLACE(cid_json_i ,',', '')));
    SET C = C+1;
    SET wobr=(substring(cid_json_i,2,LENGTH(cid_json_i)-2));
    WHILE x <= C DO
    SET stri = replace(substring(substring_index(wobr, ',',x),length(substring_index(wobr, ',' , x - 1)) + 1), ',', '');
    if length(stri) > 0 then
    INSERT INTO pid_cid_mapper (pid, cid) VALUES (pid_d, stri);
    end if;
    SET  x = x + 1;
    END WHILE;
 
set pid_o = pid_d ; 

END ;;
DELIMITER ;
/*!50003 SET sql_mode              = @saved_sql_mode */ ;
/*!50003 SET character_set_client  = @saved_cs_client */ ;
/*!50003 SET character_set_results = @saved_cs_results */ ;
/*!50003 SET collation_connection  = @saved_col_connection */ ;
/*!50003 DROP PROCEDURE IF EXISTS `createUser` */;
/*!50003 SET @saved_cs_client      = @@character_set_client */ ;
/*!50003 SET @saved_cs_results     = @@character_set_results */ ;
/*!50003 SET @saved_col_connection = @@collation_connection */ ;
/*!50003 SET character_set_client  = utf8 */ ;
/*!50003 SET character_set_results = utf8 */ ;
/*!50003 SET collation_connection  = utf8_general_ci */ ;
/*!50003 SET @saved_sql_mode       = @@sql_mode */ ;
/*!50003 SET sql_mode              = 'NO_AUTO_VALUE_ON_ZERO' */ ;
DELIMITER ;;
CREATE DEFINER=`root`@`localhost` PROCEDURE `createUser`(IN `handle_i` VARCHAR(45), IN `username_i` VARCHAR(45), IN `email_i` VARCHAR(45), IN `country_i` VARCHAR(45), IN `state_i` VARCHAR(45), IN `city_i` VARCHAR(45), IN `zip_i` VARCHAR(45), IN `religion_i` VARCHAR(45), IN `sex_i` VARCHAR(45), IN `dob_i` VARCHAR(45), IN `phone_i` VARCHAR(45), IN `profile_pic_i` VARCHAR(1000), IN `fb_i` VARCHAR(100), IN `category_list_json_i` VARCHAR(1000), IN `exp_json_i` VARCHAR(1000), IN `fish_i` INT, IN `hashed_password_i` VARCHAR(1000))
BEGIN
Declare uid_d int DEFAULT 0;
insert into login_tbl(fb,email,handle,hashed_password) values(fb_i,email_i,handle_i,hashed_password_i);
select uid into uid_d from login_tbl where email=email_i;
 insert into user_detail(uid,handle,username,country,state,city,zip,religion,sex,dob,phone,profile_pic) values(uid_d,handle_i,username_i,country_i,state_i,city_i,zip_i,religion_i,sex_i,dob_i,phone_i,profile_pic_i); 
 insert into user_store(uid,category_list_json,exp_json,fish) values(uid_d,category_list_json_i,exp_json_i,fish_i);
END ;;
DELIMITER ;
/*!50003 SET sql_mode              = @saved_sql_mode */ ;
/*!50003 SET character_set_client  = @saved_cs_client */ ;
/*!50003 SET character_set_results = @saved_cs_results */ ;
/*!50003 SET collation_connection  = @saved_col_connection */ ;
/*!50003 DROP PROCEDURE IF EXISTS `createUser2` */;
/*!50003 SET @saved_cs_client      = @@character_set_client */ ;
/*!50003 SET @saved_cs_results     = @@character_set_results */ ;
/*!50003 SET @saved_col_connection = @@collation_connection */ ;
/*!50003 SET character_set_client  = utf8 */ ;
/*!50003 SET character_set_results = utf8 */ ;
/*!50003 SET collation_connection  = utf8_general_ci */ ;
/*!50003 SET @saved_sql_mode       = @@sql_mode */ ;
/*!50003 SET sql_mode              = '' */ ;
DELIMITER ;;
CREATE DEFINER=`root`@`localhost` PROCEDURE `createUser2`(IN `handle_i` VARCHAR(45), IN `username_i` VARCHAR(45), IN `email_i` VARCHAR(45), IN `country_i` VARCHAR(45), IN `state_i` VARCHAR(45), IN `city_i` VARCHAR(45), IN `zip_i` VARCHAR(45), IN `religion_i` VARCHAR(45), IN `sex_i` VARCHAR(45), IN `dob_i` VARCHAR(45), IN `phone_i` VARCHAR(45), IN `profile_pic_i` VARCHAR(1000), IN `fb_i` VARCHAR(100), IN `category_list_json_i` VARCHAR(1000), IN `exp_json_i` VARCHAR(1000), IN `fish_i` INT, IN `hashed_password_i` VARCHAR(1000))
BEGIN
Declare uid_d int DEFAULT 0;
 DECLARE x  INT;
    DECLARE stri VARCHAR(3);
 DECLARE C  INT;
	DECLARE wobr  VARCHAR(100);
    
insert into login_tbl(fb,email,handle,hashed_password) values(fb_i,email_i,handle_i,hashed_password_i);
select uid into uid_d from login_tbl where email=email_i;
 insert into user_detail(uid,handle,username,country,state,city,zip,religion,sex,dob,phone,profile_pic) values(uid_d,handle_i,username_i,country_i,state_i,city_i,zip_i,religion_i,sex_i,dob_i,phone_i,profile_pic_i); 
 insert into user_store(uid,category_list_json,exp_json,fish) values(uid_d,category_list_json_i,exp_json_i,fish_i);
 
SET x = 1;
    SET stri="";
    SET C =(LENGTH(category_list_json_i)-LENGTH(REPLACE(category_list_json_i ,',', '')));
    SET C = C+1;
    SET wobr=(substring(category_list_json_i,2,LENGTH(category_list_json_i)-2));
    WHILE x <= C DO
    SET stri = replace(substring(substring_index(wobr, ',',x),length(substring_index(wobr, ',' , x - 1)) + 1), ',', '');   
    INSERT INTO uid_cid_mapper (uid, cid,exp) VALUES (uid_d, stri,0);
    SET  x = x + 1;
    END WHILE;
END ;;
DELIMITER ;
/*!50003 SET sql_mode              = @saved_sql_mode */ ;
/*!50003 SET character_set_client  = @saved_cs_client */ ;
/*!50003 SET character_set_results = @saved_cs_results */ ;
/*!50003 SET collation_connection  = @saved_col_connection */ ;
/*!50003 DROP PROCEDURE IF EXISTS `deleteUser` */;
/*!50003 SET @saved_cs_client      = @@character_set_client */ ;
/*!50003 SET @saved_cs_results     = @@character_set_results */ ;
/*!50003 SET @saved_col_connection = @@collation_connection */ ;
/*!50003 SET character_set_client  = utf8 */ ;
/*!50003 SET character_set_results = utf8 */ ;
/*!50003 SET collation_connection  = utf8_general_ci */ ;
/*!50003 SET @saved_sql_mode       = @@sql_mode */ ;
/*!50003 SET sql_mode              = '' */ ;
DELIMITER ;;
CREATE DEFINER=`root`@`localhost` PROCEDURE `deleteUser`(IN `uidp` int)
BEGIN
DELETE FROM `user_store` WHERE `uid`=uidp;
DELETE FROM `user_detail` WHERE `uid`=uidp;
DELETE FROM `uid_cid_mapper` WHERE `uid`=uidp;
DELETE FROM `login_tbl` WHERE `uid`=uidp;
END ;;
DELIMITER ;
/*!50003 SET sql_mode              = @saved_sql_mode */ ;
/*!50003 SET character_set_client  = @saved_cs_client */ ;
/*!50003 SET character_set_results = @saved_cs_results */ ;
/*!50003 SET collation_connection  = @saved_col_connection */ ;
/*!50003 DROP PROCEDURE IF EXISTS `myProc` */;
/*!50003 SET @saved_cs_client      = @@character_set_client */ ;
/*!50003 SET @saved_cs_results     = @@character_set_results */ ;
/*!50003 SET @saved_col_connection = @@collation_connection */ ;
/*!50003 SET character_set_client  = utf8 */ ;
/*!50003 SET character_set_results = utf8 */ ;
/*!50003 SET collation_connection  = utf8_general_ci */ ;
/*!50003 SET @saved_sql_mode       = @@sql_mode */ ;
/*!50003 SET sql_mode              = '' */ ;
DELIMITER ;;
CREATE DEFINER=`root`@`localhost` PROCEDURE `myProc`()
BEGIN
    DECLARE x  INT;
    DECLARE stri VARCHAR(3);
    SET x = 1;
    SET stri="";
    WHILE x <= 20 DO
    SET stri = replace(substring(substring_index('1,2,3,4,5,6,7,8', ',',x),length(substring_index('1,2,3,4,5,6,7,8' , ',' , x - 1)) + 1), ',', '');
    if length(stri) > 0 then   
    INSERT INTO `pollingduck`.`uid_cid_mapper` (`uid`, `cid`) VALUES (21, stri);
    SET  x = x + 1;
    end if;
    END WHILE;
 END ;;
DELIMITER ;
/*!50003 SET sql_mode              = @saved_sql_mode */ ;
/*!50003 SET character_set_client  = @saved_cs_client */ ;
/*!50003 SET character_set_results = @saved_cs_results */ ;
/*!50003 SET collation_connection  = @saved_col_connection */ ;
/*!50003 DROP PROCEDURE IF EXISTS `myProc1` */;
/*!50003 SET @saved_cs_client      = @@character_set_client */ ;
/*!50003 SET @saved_cs_results     = @@character_set_results */ ;
/*!50003 SET @saved_col_connection = @@collation_connection */ ;
/*!50003 SET character_set_client  = utf8 */ ;
/*!50003 SET character_set_results = utf8 */ ;
/*!50003 SET collation_connection  = utf8_general_ci */ ;
/*!50003 SET @saved_sql_mode       = @@sql_mode */ ;
/*!50003 SET sql_mode              = '' */ ;
DELIMITER ;;
CREATE DEFINER=`root`@`localhost` PROCEDURE `myProc1`()
BEGIN
    DECLARE x  INT;
    DECLARE stri VARCHAR(2);
    SET x = 1;
    WHILE x <= 5 DO
    SET stri = replace(substring(substring_index('34,35,36,37,38,39', ',',x),length(substring_index('34,35,36,37,38,39' , ',' , x - 1)) + 1), ',', '');
    SET  x = x + 1;
    INSERT INTO `pollingduck`.`uid_cid_mapper` (`uid`, `cid`) VALUES ('44', stri);
    END WHILE;
    END ;;
DELIMITER ;
/*!50003 SET sql_mode              = @saved_sql_mode */ ;
/*!50003 SET character_set_client  = @saved_cs_client */ ;
/*!50003 SET character_set_results = @saved_cs_results */ ;
/*!50003 SET collation_connection  = @saved_col_connection */ ;
/*!40103 SET TIME_ZONE=@OLD_TIME_ZONE */;

/*!40101 SET SQL_MODE=@OLD_SQL_MODE */;
/*!40014 SET FOREIGN_KEY_CHECKS=@OLD_FOREIGN_KEY_CHECKS */;
/*!40014 SET UNIQUE_CHECKS=@OLD_UNIQUE_CHECKS */;
/*!40101 SET CHARACTER_SET_CLIENT=@OLD_CHARACTER_SET_CLIENT */;
/*!40101 SET CHARACTER_SET_RESULTS=@OLD_CHARACTER_SET_RESULTS */;
/*!40101 SET COLLATION_CONNECTION=@OLD_COLLATION_CONNECTION */;
/*!40111 SET SQL_NOTES=@OLD_SQL_NOTES */;

-- Dump completed on 2015-02-02 22:46:37
